,Kasturi Foundry Pvt. Ltd.(UNIT 1),,
,,,
,"T-6 Kagal-Hatkanangale Five Star MIDC , Kagal 416236.",,
,Tool Cost Report From :- 01/01/2024 To :-27/01/2024,,
,,,
,,,
,Component Name,Operation Name,Tool Discription
KFPLU1|PM|HMC|70,HOUSING FRONT 4656.401.158,1st OPERATION,
,,,2NU CCGW 060204 BN500
,,,2NU CCGW 09T304 BN 500
,,,3NU TCGW 110304 BN7000
,,,3NU TCMW 110208SB(1816)BN 700
,,,3QP-TPGW 110308 BX480
,,,3QP-TPMW110204 BX930
,,,ADAPTOR BT 50 ER 16200
,,,ADAPTOR BT 50 ER 32100 
,,,ADAPTOR BT 50 ERM 25200
,,,ADAPTOR BT 50 FMH 22100
,,,ADAPTOR BT 50 FMH 32100
,,,ADAPTOR BT 50 FMH 40060 WITH PCD HOLE
,,,ADAPTOR BT 50 SLA 25105
,,,ADAPTOR BT 50 SLA 32105
,,,ADAPTOR BT 50 SLA 32160
,,,ADAPTOR BT50 ERM 16160
,,,ADAPTOR BT50 ERM 25160 
,,,ADAPTOR BT50 ERM25120
,,,ADJUSTABLE REAMER DIA 10-H8-ZFWG
,,,ADJUSTABLE REAMER DIA 12-D9-ZFWG
,,,BACK ROUGH BORING BAR OF DIA 98.0 WITH BT-50 GPL 280 WG HSG
,,,BACK SEMI FINISH BORING BAR OF DIA 99.50 WITH BT-50 GPL 280 WG HSG
,,,BORING BAR DIA 64 (ENDMILL CUTTER DIA 32) ZF WG HSG
,,,BORING BAR DIA 84 (ENDMILL CUTTER DIA 32) X 205 GPL ZF WG HSG
,,,BRAZED CARBIDE CUTTER DIA 17 X 17.5 X 19.1 X 23.3 X 23.8 X 38.2 X SH25 X FL-90 X 140
,,,BRAZED CARBIDE CUTTER DIA 20.5 X 23.95 X 33 X SH25 X 100
,,,BRAZED CARBIDE CUTTER DIA 36.5 X 40.55 X 58 X 105
,,,BRAZED CARBIDE CUTTER DIA16.4 X 17 X 18.6 X 22.5 X 23.3 X 37.7 X 150
,,,BT50 FMH22200
,,,CCGT 060204 FL  K10
,,,CCGW 060204-F BKU203 CBN
,,,CCMT 120408 MT TT7310
,,,CNGN 120412 BKU 203
,,,COMBI BORING BAR DIA 23.3/38.2 WITH 20°CHF X 155 GPL ZF WG HSG
,,,DCMT 11T308 UC 5115
,,,DFPR 060304 PKO
,,,DFPR 070305 PKO
,,,DFPR 080304 PKI
,,,DFPR 110406 PKO
,,,DFPR 140406 PKI
,,,DFPR 140408 PKO
,,,FINISH BORING BAR DIA 127.0 X 120 GPL ZF WG HSG
,,,FINISH BORING BAR DIA 190J7 WTIUH SPL MBU X 160 GPL ZF WG HSG
,,,FINISH BORING BAR DIA 30.0 X 150 GPL ZF WG HSG
,,,FINISH BORING BAR DIA 35D9 X 120 GPL ZF WG HSG
,,,FINISH BORING BAR DIA 40.0 X 150 GPL ZF WG HSG
,,,FINISH BORING BAR DIA 76.22 WITH SPL MBU X 120 GPL ZF WG HSG
,,,FINISH BORING BAR DIA 85.0/60.0 WITH SPL MBU X 200 GPL ZF WG HSG
,,,FINISH BORING BAR DIA 95.0 WITH SPL MBU X 120 GPL ZF WG HSG
,,,FINISH COMB BORING BAR DIA 40/76.22 WITH SPL MBU X 270 GPL ZF WG HSG
,,,FINISH COMB BORING BAR DIA 60/95 WITH SPL MBU X 255 GPL ZF WG HSG
,,,FRONT. & BACK FINISH BORING BAR DIA 95/100 WITH SPL MBU X 280 GPL ZF WG HSG
,,,GROOVE TOOL 60 X R0.12 X THK3.24 X OAL 100 X SD25 ZFWG
,,,J/W TAP M10X1.5 HSS-E TIN-DC-MT T2002958 
,,,MGTL 43320 UTI20T
,,,PS SC CENTER DRILL DIA 22.0X90°XOAL130
,,,PS SC DRILL DIA 10.25 X FL60 X OAL110 X SH10 TCH
,,,PS SC DRILL DIA 10XFL60XOAL100XSH10 T.C.
,,,PS SC DRILL DIA 11.5XFL110XOAL 160 T.C
,,,PS SC DRILL DIA 12.5 X FL 60 X OAL110 T.C DM
,,,PS SC DRILL DIA 12.5XFL80XOAL160XSHDIA14XT.C
,,,PS SC DRILL DIA 12XFL40XOAL110XT.C
,,,PS SC DRILL DIA 16.75 X FL 60 X OAL 105 T.C
,,,PS SC DRILL DIA 17.5XFL60XOAL105XSHDIA18XT.C
,,,PS SC DRILL DIA 18 X FL 50 X OAL100 X SH DIA 18 T.C
,,,PS SC DRILL DIA 18.5 X FL70 X OAL 110 T.C
,,,PS SC DRILL DIA 19.5XFL60XOAL105 T.C
,,,PS SC DRILL DIA 23 X FL 70 X OAL 120 TC ( DM )
,,,PS SC DRILL DIA 5.2 X FL40 X OAL100 TC 
,,,PS SC DRILL DIA 6  X 155 X 205 TCH
,,,PS SC DRILL DIA 6.8XFL60XOAL110XSH DIA 8 T.C.-A
,,,PS SC DRILL DIA 6XFL50XOAL100 T.C
,,,PS SC DRILL DIA 7 X 60 X 100 X SH TC
,,,PS SC DRILL DIA 8 X FL 70 X OAL 12O TC ( DM )
,,,PS SC DRILL DIA 8X155X205 T.C
,,,PS SC DRILL DIA 9.5XFL60XOAL110 T.C
,,,PS SC ENDMILL DIA 10XFL50XOAL150
,,,PS SC ENDMILL DIA 11.5XFL50X100XSH DIA 12
,,,PS SC ENDMILL DIA 15.5 X FL60 X OAL100 X SH DIA 16
,,,PS SC ENDMILL DIA 18XFL60XOAL110 -A
,,,PS SC ENDMILL DIA 5XFL30XOAL80
,,,PS SC ENDMILL DIA 8.50 X FL60 X OAL100 X SH DIA 9
,,,PS SC HOLEMILL DIA 12.05 X FL120 X OAL160 X SH DIA 12 T.C (+-0.010)
,,,PS SC HOLEMILL DIA 14.5X40X120
,,,PS SC HOLEMILL DIA 6.35±0.25 X FL 150 X OAL 200 
,,,PS SC REAMER DIA 12.07 D9 X FL70 X OAL120 X SH DIA 12 T .C
,,,PS SC REAMER DIA 19.995 K7 X 10 X 65 X 120 X 20h6 SCZF (REMTACH)
,,,PULL STUD BT 50 SPECIAL
,,,R - 2NU CCGW 060204 BN500
,,,R - 2NU CCGW 09T304 BN 500
,,,R - 3NU TCGW 110304 BN7000
,,,R - 3NU TCMW 110204SB(1816)BN 700
,,,R - 3QP-TPGW 110308 BX480
,,,R - 3QP-TPMW110204 BX930
,,,R - ADAPTOR BT 50 ER 16200
,,,R - ADAPTOR BT 50 ER 32100 
,,,R - ADAPTOR BT 50 ERM 25200
,,,R - ADAPTOR BT 50 FMH 22100
,,,R - ADAPTOR BT 50 FMH 32100
,,,R - ADAPTOR BT 50 FMH 40060 WITH PCD HOLE
,,,R - ADAPTOR BT 50 SLA 25105
,,,R - ADAPTOR BT 50 SLA 32105
,,,R - ADAPTOR BT 50 SLA 32160
,,,R - ADAPTOR BT50 ERM 16160
,,,R - ADAPTOR BT50 ERM 25160 
,,,R - ADAPTOR BT50 ERM25120
,,,R - ADJUSTABLE REAMER DIA 10-H8-ZFWG
,,,R - ADJUSTABLE REAMER DIA 12-D9-ZFWG
,,,R - BACK ROUGH BORING BAR OF DIA 98.0 WITH BT-50 GPL 280 WG HSG
,,,R - BACK SEMI FINISH BORING BAR OF DIA 99.50 WITH BT-50 GPL 280 WG HSG
,,,R - BORING BAR DIA 64 (ENDMILL CUTTER DIA 32) ZF WG HSG
,,,R - BORING BAR DIA 84 (ENDMILL CUTTER DIA 32) X 205 GPL ZF WG HSG
,,,R - BRAZED CARBIDE CUTTER DIA 17 X 17.5 X 19.1 X 23.3 X 23.8 X 38.2 X SH25 X FL-90 X 140
,,,R - BRAZED CARBIDE CUTTER DIA 20.5 X 23.95 X 33 X SH25 X 100
,,,R - BRAZED CARBIDE CUTTER DIA 36.5 X 40.55 X 58 X 105
,,,R - BRAZED CARBIDE CUTTER DIA16.4 X 17 X 18.6 X 22.5 X 23.3 X 37.7 X 150
,,,R - BT50 FMH22200
,,,R - CCGT 060204 FL  K10
,,,R - CCGW 060204-F BKU203 CBN
,,,R - CCMT 120408 MT TT7310
,,,R - CNGN 120412 BKU 203
,,,R - COMBI BORING BAR DIA 23.3/38.2 WITH 20°CHF X 155 GPL ZF WG HSG
,,,R - DCMT 11T308 UC 5115
,,,R - DFPR 060304 PKO
,,,R - DFPR 070305 PKO
,,,R - DFPR 080304 PKI
,,,R - DFPR 110406 PKO
,,,R - DFPR 140406 PKI
,,,R - DFPR 140408 PKO
,,,R - FINISH BORING BAR DIA 127.0 X 120 GPL ZF WG HSG
,,,R - FINISH BORING BAR DIA 190J7 WTIUH SPL MBU X 160 GPL ZF WG HSG
,,,R - FINISH BORING BAR DIA 30.0 X 150 GPL ZF WG HSG
,,,R - FINISH BORING BAR DIA 35D9 X 120 GPL ZF WG HSG
,,,R - FINISH BORING BAR DIA 40.0 X 150 GPL ZF WG HSG
,,,R - FINISH BORING BAR DIA 76.22 WITH SPL MBU X 120 GPL ZF WG HSG
,,,R - FINISH BORING BAR DIA 85.0/60.0 WITH SPL MBU X 200 GPL ZF WG HSG
,,,R - FINISH BORING BAR DIA 95.0 WITH SPL MBU X 120 GPL ZF WG HSG
,,,R - FINISH COMB BORING BAR DIA 40/76.22 WITH SPL MBU X 270 GPL ZF WG HSG
,,,R - FINISH COMB BORING BAR DIA 60/95 WITH SPL MBU X 255 GPL ZF WG HSG
,,,R - FRONT. & BACK FINISH BORING BAR DIA 95/100 WITH SPL MBU X 280 GPL ZF WG HSG
,,,R - GROOVE TOOL 60 X R0.12 X THK3.24 X OAL 100 X SD25 ZFWG
,,,R - MGTL 43320 UTI20T
,,,R - PS SC CENTER DRILL DIA 22.0X90°XOAL130
,,,R - PS SC DRILL DIA 10.25 X FL60 X OAL110 X SH10 TCH
,,,R - PS SC DRILL DIA 10XFL60XOAL100XSH10 T.C.
,,,R - PS SC DRILL DIA 11.5XFL110XOAL 160 T.C
,,,R - PS SC DRILL DIA 12.5 X FL 60 X OAL110 T.C DM
,,,R - PS SC DRILL DIA 12.5XFL80XOAL160XSHDIA14XT.C
,,,R - PS SC DRILL DIA 12XFL40XOAL110XT.C
,,,R - PS SC DRILL DIA 16.75 X FL 60 X OAL 105 T.C
,,,R - PS SC DRILL DIA 17.5XFL60XOAL105XSHDIA18XT.C
,,,R - PS SC DRILL DIA 18 X FL 50 X OAL100 X SH DIA 18 T.C
,,,R - PS SC DRILL DIA 18.5 X FL70 X OAL 110 T.C
,,,R - PS SC DRILL DIA 19.5XFL60XOAL105 T.C
,,,R - PS SC DRILL DIA 23 X FL 70 X OAL 120 TC ( DM )
,,,R - PS SC DRILL DIA 5.2 X FL40 X OAL100 TC 
,,,R - PS SC DRILL DIA 6  X 155 X 205 TCH
,,,R - PS SC DRILL DIA 6.8XFL60XOAL110XSH DIA 8 T.C.-A
,,,R - PS SC DRILL DIA 6XFL50XOAL100 T.C
,,,R - PS SC DRILL DIA 7 X 60 X 100 X SH TC
,,,R - PS SC DRILL DIA 8 X FL 70 X OAL 12O TC ( DM )
,,,R - PS SC DRILL DIA 8X155X205 T.C
,,,R - PS SC DRILL DIA 9.5XFL60XOAL110 T.C
,,,R - PS SC ENDMILL DIA 10XFL50XOAL150
,,,R - PS SC ENDMILL DIA 11.5XFL50X100XSH DIA 12
,,,R - PS SC ENDMILL DIA 15.5 X FL60 X OAL100 X SH DIA 16
,,,R - PS SC ENDMILL DIA 18XFL60XOAL110 -A
,,,R - PS SC ENDMILL DIA 5XFL30XOAL80
,,,R - PS SC ENDMILL DIA 8.50 X FL60 X OAL100 X SH DIA 9
,,,R - PS SC HOLEMILL DIA 12.05 X FL120 X OAL160 X SH DIA 12 T.C (+-0.010)
,,,R - PS SC HOLEMILL DIA 14.5X40X120
,,,R - PS SC HOLEMILL DIA 6.35±0.25 X FL 150 X OAL 200
,,,R - PS SC REAMER DIA 12.07 D9 X FL70 X OAL120 X SH DIA 12 T .C
,,,R - PS SC REAMER DIA 19.995 K7 X 10 X 65 X 120 X 20h6 SCZF (REMTACH)
,,,R - PULL STUD BT 50 SPECIAL
,,,R - ROUGH BORING BAR DIA 140 WITH  C'FER X 210 GPL ZF WG HSG
,,,R - ROUGH BORING BAR DIA 189.5 X 160 GPL ZF WG HSG
,,,R - ROUGH BORING BAR DIA 39.5 X 185 GPL ZF WG HSG
,,,R - ROUGH BORING BAR DIA 39.5/75.7 WITH BOTH C'FER X 245 GPL ZF WG HSG
,,,R - ROUGH BORING BAR DIA 59.5/94.5 WITH BOTH C'FER X 236 GPL ZF WG HSG
,,,R - ROUGH BORING BAR DIA 75.72 WITH CHF X 150 GPL ZF WG HSG
,,,R - ROUGH BORING BAR DIA 84.25/ 94.5 WITH  C'FER X 240 GPL ZF WG HSG
,,,R - ROUGH BORING BAR DIA 84.5/59.5 WITH C.FER ZF WG HSG
,,,R - ROUGH BORING BAR DIA 94.5/84.3 WITH CHF X 150 GPL ZF WG HSG
,,,R - ROUGH BORING BAR DIA 99.5/125 X 220 GPL ZF WG HSG
,,,R - ROUGH BORING BAR OF DIA 63.00 X GPL-240.00 X BT-50 DRG NO 8409 ZF WG H 
,,,R - ROUGH BORING BAR OF DIA 64.10 X GPL-200.00 X BT-50 DRG NO 8408 CAP EXITER
,,,R - ROUGH BORING DIA 135.0/126.5 WITH C'FER X 155 GPL ZF WG HSG
,,,R - ROUGH BORING DIA 99.5 WITH CHF X 150 GPL ZF WG HSG
,,,R - SC DRILL DIA 19.7 X FL-55 X SH20 X 100 OAL
,,,R - SC STEP DRILL DIA 6.25/9.75 X SH10 X FL-40 X 100 OAL
,,,R - SC STEP DRILL DIA 6.8/11.5 X FL-35 X SH10 X 80 OAL
,,,R - SC STEP DRILL DIA 8/12.6 X 16.575 X SH20 X FL-45 X 100
,,,R - SC STEP REAMER DIA 12.6 X 16.575 X SH20 X FL-40 X 100
,,,R - SDMT 120410 TN-M TT 6030
,,,R - SEALED COLLET ER 16 10 MM
,,,R - SEALED COLLET ER 16 8 MM
,,,R - SEALED COLLET ER 25 10 MM
,,,R - SEALED COLLET ER 32 -20MM
,,,R - SEALED TAP COLLET ER 16 8-6.2
,,,R - SEALED TAP COLLET ER 25 10 X 8
,,,R - SEALED TAP COLLET ER 25 8 X 6.3
,,,R - SEALED TAP COLLET ER 32 12.5 X 10
,,,R - SEALED TAP COLLET ER 32 16 X 12.5
,,,R - SEMI FINISH UNDERCUT BORING BAR DIA 189.50 X 165 GPL ZF WG HSG
,,,R - SEMI FINISH UNDERCUT BORING BAR DIA 75.22 X 220 GPL (COMMON FOR REAR & FRONT) ZF WG HSG
,,,R - SEMI FINISH UNDERCUT BORING BAR DIA 94.5 X 220 GPL (COMMON FOR REAR & FRONT) ZF WG HSG
,,,R - SEMI FINISH UNDERCUT BORING BAR DIA 99.50 X 220 GPL (COMMON FOR REAR & FRONT) ZF WG HSG
,,,R - SHRINK FIT ADAPTOR BT50/T0600 GPL 90 AD/B
,,,R - SHRINK FIT ADAPTOR BT50/T1000 GPL 100 A
,,,R - SHRINK FIT ADAPTOR BT50/T1200 GPL 100 A
,,,R - SHRINK FIT ADAPTOR BT50/T1400 GPL 120 A
,,,R - SHRINK FIT ADAPTOR BT50/T1600 GPL 100
,,,R - SHRINK FIT ADAPTOR BT50/T1800 GPL 100 A
,,,R - SHRINK FIT ADAPTOR BT50/T2000 GPL 90 A 
,,,R - SNGN 120412 T02020 CW5025
,,,R - SNGX 1306C08 ZN-M TT 7515
,,,R - SNHX 120412 T125-S
,,,R - SPARE SO 35080I
,,,R - SPARE-TS 40B100 I
,,,R - SPL CHAMFER TOOL DIA 103.0 11° X 210 GPL ZF WG HSG
,,,R - SPL CHAMFER TOOL DIA 40x15° X 150 GPL ZF WG HSG
,,,R - SPL COMB U DRILL DIA 19.3/19.7 WITH C'FER X 170 GPL ZF WG HSG
,,,"R - SPL DAMP BORING BAR OF DIA31.0,OAL-250.0,SHANK-32.0 DRG,NO-09072 ZFWG"
,,,R - SPL. COMB. ROUGH BORING BAR OF DIA 46.0 / DIA 47.50/ DIA 49.50 WITH CHAMFER 20° WITH BT-50
,,,R - SPL. COMB. ROUGH BORING BAR OF DIA 54.90 / DIA 63.50/ DIA 91.00 / DIA 124 WITH BT-50
,,,R - SPL.COMB ROUGHING BORINGBAR OF DIA 52 X 10 X 62 X GPL 260 BT 50 
,,,R - SPMG 07T308 DG TT9030
,,,R - SPMG 090408-32000008
,,,R - SPMX 110408 YG 602
,,,R - SPOT FACE CUTTER DRIA 30 X 180 GPL ZF WG HSG
,,,R - SPOT FACE DIA 74.0 X 155 GPL ZF WG HSG
,,,R - SRF/SC-ST/ 183 PS SC STEP DRILL DIA 7 X SL30 X DIA 9 X OAL 100 X SH DIA 10 TC
,,,R - SRF/SC-ST/ 184 PS SC STEP DRILL DIA 6.8 X SL14.5 X DIA 10 X OAL 100 X SH DIA 10 TC
,,,R - SRF/SC-ST/ 185 PS SC STEP DRILL DIA 11 X SL60 X DIA 14 X OAL 120 X SH DIA 10 TC
,,,R - SRF/SC-ST/ 186 PS SC STEP DRILL DIA 9 X SL70 X DIA 10.5 X OAL 160 X SH DIA 12 TC
,,,R - SRF/SC-ST/ 188 PS SC STEP DRILL DIA 8 X SL 40 X DIA 12.5 X SL7.3X DIA 16.5 X OAL 120 X SH DIA 18 
,,,R - SRF/SC-ST/ 189 PS SC STEP DRILL DIA 11.5 X SL70 X OAL 140 X SH DIA 12 TC 
,,,R - TAP ENORM 1-Z/E TIN LK-M6 X 1 BT EFIB061A.1052
,,,R - TAP ENORM 1-Z/E TIN LK-M8 X 1.25 BT EFIB061A.1052
,,,R - TAP M10X1.0 VOP-LW-SFT 2.5P(ZF) T1503373 
,,,R - TAP M6X1 VPO-LW-SFT T1702938
,,,R - TAP M8X1.25 HSS-E TIN-DC-MT T2002957 
,,,R - TCMT 090204 FP4 WPP10G
,,,R - TCMT 110208 UE 6110
,,,R - TCMT 16T304 MP WK20CT
,,,R - TCMT 16T308 K20K 0.000
,,,R - TCMT 16T308-C25 NC6315
,,,R - TCMT 16T312 PTN10U
,,,R - U DRILL DIA 23 X 199 GPL ZF WG HSG
,,,R - U DRILL DIA 23.1/COUNTER 26.5 WITH C'FER X 186 GPL ZF WG HSG
,,,R - U DRILL DIA 26.5 X 213 GPL ZF WG HSG
,,,R - U DRILL DIA 29.5/COUNTER DIA 37 X 175 GPL ZF WG HSG
,,,R - U DRILL DIA 30.5 WITH C'FER X 192 GPL ZF WG HSG
,,,R - U DRILL DIA 34.5 WITH COUNTER X 190 GPL ZF WG HSG
,,,R - U DRILL DIA 36.5 WITHOUT SPL PROFILE C'FER X 170 GPL ZF WG HSG
,,,ROUGH BORING BAR DIA 140 WITH  C'FER X 210 GPL ZF WG HSG
,,,ROUGH BORING BAR DIA 189.5 X 160 GPL ZF WG HSG
,,,ROUGH BORING BAR DIA 39.5 X 185 GPL ZF WG HSG
,,,ROUGH BORING BAR DIA 39.5/75.7 WITH BOTH C'FER X 245 GPL ZF WG HSG
,,,ROUGH BORING BAR DIA 59.5/94.5 WITH BOTH C'FER X 236 GPL ZF WG HSG
,,,ROUGH BORING BAR DIA 75.72 WITH CHF X 150 GPL ZF WG HSG
,,,ROUGH BORING BAR DIA 84.25/ 94.5 WITH  C'FER X 240 GPL ZF WG HSG
,,,ROUGH BORING BAR DIA 84.5/59.5 WITH C.FER ZF WG HSG
,,,ROUGH BORING BAR DIA 94.5/84.3 WITH CHF X 150 GPL ZF WG HSG
,,,ROUGH BORING BAR DIA 99.5/125 X 220 GPL ZF WG HSG
,,,ROUGH BORING BAR OF DIA 63.00 X GPL-240.00 X BT-50 DRG NO 8409 ZF WG H 
,,,ROUGH BORING BAR OF DIA 64.10 X GPL-200.00 X BT-50 DRG NO 8408 CAP EXITER
,,,ROUGH BORING DIA 135.0/126.5 WITH C'FER X 155 GPL ZF WG HSG
,,,ROUGH BORING DIA 99.5 WITH CHF X 150 GPL ZF WG HSG
,,,SC DRILL DIA 19.7 X FL-55 X SH20 X 100 OAL
,,,SC STEP DRILL DIA 6.25/9.75 X SH10 X FL-40 X 100 OAL
,,,SC STEP DRILL DIA 6.8/11.5 X FL-35 X SH10 X 80 OAL
,,,SC STEP DRILL DIA 8/12.6 X 16.575 X SH20 X FL-45 X 100
,,,SC STEP REAMER DIA 12.6 X 16.575 X SH20 X FL-40 X 100
,,,SDMT 120410 TN-M TT 6030
,,,SEALED COLLET ER 16 10 MM
,,,SEALED COLLET ER 16 8 MM
,,,SEALED COLLET ER 25 10 MM
,,,SEALED COLLET ER 32 -20MM
,,,SEALED TAP COLLET ER 16 8-6.2
,,,SEALED TAP COLLET ER 25 10 X 8
,,,SEALED TAP COLLET ER 25 8 X 6.3
,,,SEALED TAP COLLET ER 32 12.5 X 10
,,,SEALED TAP COLLET ER 32 16 X 12.5
,,,SEMI FINISH UNDERCUT BORING BAR DIA 189.50 X 165 GPL ZF WG HSG
,,,SEMI FINISH UNDERCUT BORING BAR DIA 75.22 X 220 GPL (COMMON FOR REAR & FRONT) ZF WG HSG
,,,SEMI FINISH UNDERCUT BORING BAR DIA 94.5 X 220 GPL (COMMON FOR REAR & FRONT) ZF WG HSG
,,,SEMI FINISH UNDERCUT BORING BAR DIA 99.50 X 220 GPL (COMMON FOR REAR & FRONT) ZF WG HSG
,,,SHRINK FIT ADAPTOR BT50/T0600 GPL 90 AD/B
,,,SHRINK FIT ADAPTOR BT50/T1000 GPL 100 A
,,,SHRINK FIT ADAPTOR BT50/T1200 GPL 100 A
,,,SHRINK FIT ADAPTOR BT50/T1400 GPL 120 A
,,,SHRINK FIT ADAPTOR BT50/T1600 GPL 100
,,,SHRINK FIT ADAPTOR BT50/T1800 GPL 100 A
,,,SHRINK FIT ADAPTOR BT50/T2000 GPL 90 A 
,,,SNGN 120412 T02020 CW5025
,,,SNGX 1306C08 ZN-M TT 7515
,,,SNHX 120412 T125-S
,,,SPARE SO 35080I
,,,SPARE-TS 40B100 I
,,,SPL CHAMFER TOOL DIA 103.0 11° X 210 GPL ZF WG HSG
,,,SPL CHAMFER TOOL DIA 40x15° X 150 GPL ZF WG HSG
,,,SPL COMB U DRILL DIA 19.3/19.7 WITH C'FER X 170 GPL ZF WG HSG
,,,"SPL DAMP BORING BAR OF DIA31.0,OAL-250.0,SHANK-32.0 DRG,NO-09072 ZFWG"
,,,SPL. COMB. ROUGH BORING BAR OF DIA 46.0 / DIA 47.50/ DIA 49.50 WITH CHAMFER 20° WITH BT-50
,,,SPL. COMB. ROUGH BORING BAR OF DIA 54.90 / DIA 63.50/ DIA 91.00 / DIA 124 WITH BT-50
,,,SPL.COMB ROUGHING BORINGBAR OF DIA 52 X 10 X 62 X GPL 260 BT 50 
,,,SPMG 07T308 DG TT9030
,,,SPMG 090408-32000008
,,,SPMX 110408 YG 602
,,,SPOT FACE CUTTER DRIA 30 X 180 GPL ZF WG HSG
,,,SPOT FACE DIA 74.0 X 155 GPL ZF WG HSG
,,,SRF/SC-ST/ 183 PS SC STEP DRILL DIA 7 X SL30 X DIA 9 X OAL 100 X SH DIA 10 TC
,,,SRF/SC-ST/ 184 PS SC STEP DRILL DIA 6.8 X SL14.5 X DIA 10 X OAL 100 X SH DIA 10 TC
,,,SRF/SC-ST/ 185 PS SC STEP DRILL DIA 11 X SL60 X DIA 14 X OAL 120 X SH DIA 10 TC
,,,SRF/SC-ST/ 186 PS SC STEP DRILL DIA 9 X SL70 X DIA 10.5 X OAL 160 X SH DIA 12 TC
,,,SRF/SC-ST/ 188 PS SC STEP DRILL DIA 8 X SL 40 X DIA 12.5 X SL7.3X DIA 16.5 X OAL 120 X SH DIA 18 
,,,SRF/SC-ST/ 189 PS SC STEP DRILL DIA 11.5 X SL70 X OAL 140 X SH DIA 12 TC 
,,,TAP ENORM 1-Z/E TIN LK-M6 X 1 BT EFIB061A.1052
,,,TAP ENORM 1-Z/E TIN LK-M8 X 1.25 BT EFIB061A.1052
,,,TAP M10X1.0 VOP-LW-SFT 2.5P(ZF) T1503373 
,,,TAP M10X1.5 HSS-E TIN-DC-MT T2002958 
,,,TAP M6X1 VPO-LW-SFT T1702938
,,,TAP M8X1.25 HSS-E TIN-DC-MT T2002957 
,,,TCMT 090204 FP4 WPP10G
,,,TCMT 110208 UE 6110
,,,TCMT 16T304 MP WK20CT
,,,TCMT 16T308 K20K 0.000
,,,TCMT 16T308-C25 NC6315
,,,TCMT 16T312 PTN10U
,,,U DRILL DIA 23 X 199 GPL ZF WG HSG
,,,U DRILL DIA 23.1/COUNTER 26.5 WITH C'FER X 186 GPL ZF WG HSG
,,,U DRILL DIA 26.5 X 213 GPL ZF WG HSG
,,,U DRILL DIA 29.5/COUNTER DIA 37 X 175 GPL ZF WG HSG
,,,U DRILL DIA 30.5 WITH C'FER X 192 GPL ZF WG HSG
,,,U DRILL DIA 34.5 WITH COUNTER X 190 GPL ZF WG HSG
,,,U DRILL DIA 36.5 WITHOUT SPL PROFILE C'FER X 170 GPL ZF WG HSG
,HOUSING HYD. LIFT (H2 CRE) UNIT 007215458C01,1st OPERATION,HNHX 1006 ANTN ML TT6030
,,,LOMU150508ER-GH PR1510
,,,R - HNHX 1006 ANTN ML TT6030
,,,R - LOMU150508ER-GH PR1510
,,,R - SNGX 1306 PNTN-W TT 6080
,,,R - SNGX 130608-M SG6800
,,,R - SPARE TS 50C130 I
,,,SNGX 1306 PNTN-W TT 6080
,,,SNGX 130608-M SG6800
,,,SPARE TS 50C130 I
,HOUSING SINGLE CLUTCH - DH ECOLINE 006514389V1,1st OPERATION,HNCF 100610 KCK 15
,,,LNGX 130508 PNFN-W 260
,,,NNMU 200608 ZEN HK MC5020
,,,R - HNCF 100610 KCK 15
,,,R - LNGX 130508 PNFN-W 260
,,,R - NNMU 200608 ZEN HK MC5020
,,,R - SNGX 1306 PNTN-W TT 6080
,,,R - SNGX 1306C08 ZN-M TT 7515
,,,R - SPARE BFTX 03588
,,,R - TCMT 16T308 K20K 0.000
,,,SNGX 1306 PNTN-W TT 6080
,,,SNGX 1306C08 ZN-M TT 7515
,,,SPARE BFTX 03588
,,,TCMT 16T308 K20K 0.000
,HOUSING SINGLE CLUTCH - DH ECOLINE C06514389V1,2nd OPERATION,HNCF 100610 KCK 15
,,,NNMU 200608 ZEN HK MC5020
,,,PS SC DRILL DIA 10.3 X FL60 X OAL 110 T.C DM
,,,PS SC DRILL DIA 20XFL80XOAL120 T.C
,,,PS SC END MILL DIA 25 X FL110 X OAL 160
,,,R - HNCF 100610 KCK 15
,,,R - NNMU 200608 ZEN HK MC5020
,,,R - PS SC DRILL DIA 10.3 X FL60 X OAL 110 T.C DM
,,,R - PS SC DRILL DIA 20XFL80XOAL120 T.C
,,,R - PS SC END MILL DIA 25 X FL110 X OAL 160
,,,R - Rek 2A-H/F IKZ/IKZN TICN 5/16-18 UNC-2BX (H1CT)
,,,R - SNGX 1306 PNTN-W TT 6080
,,,R - SNGX 130608-M SG6800
,,,R - SNGX 1306C08 ZN-M TT 7515
,,,R - SPARE CS5015060T
,,,R - SPARE SO 35124I
,,,R - SPARE-TS 40B100 I
,,,R - SPMG 090408-32000008
,,,R - TAP M10X1.5 WPO-DC-MT T1702639
,,,R - TAP M12X1.75 C VPO-LW-SFT PM T1506978
,,,R - TCMT 16T308 K20K 0.000
,,,R - TCMT 16T312 PTN10U
,,,"R - TORQUE KEY TORX SET TPK01-TX20-5.0, 4BIT "
,,,Rek 2A-H/F IKZ/IKZN TICN 5/16-18 UNC-2BX (H1CT)
,,,SNGX 1306 PNTN-W TT 6080
,,,SNGX 130608-M SG6800
,,,SNGX 1306C08 ZN-M TT 7515
,,,SPARE CS5015060T
,,,SPARE SO 35124I
,,,SPARE-TS 40B100 I
,,,SPMG 090408-32000008
,,,TAP M10X1.5 WPO-DC-MT T1702639
,,,TAP M12X1.75 C VPO-LW-SFT PM T1506978
,,,TCMT 16T308 K20K 0.000
,,,TCMT 16T312 PTN10U
,,,"TORQUE KEY TORX SET TPK01-TX20-5.0, 4BIT "
,HOUSING TRANSMISSION CASE SU55614P21,1ST AND 2ND OPERATION CASTING TO FINISH,R - SHRINK FIT ADAPTOR BT50/T1800 GPL 100 A
,,,"R - SPL COMB BORING BAR OF DIA 34.4/DIA42.0,OAL-192.0,SHANK-32.0,TCH INSERTT- SPMG 090408,AK,DRG,NO-08748 (J D HOUSING)"
,,,"R - SPL COMB U DRILL OF DIA 20.7/DIA34.4,OAL-165.0,SHANK-32.0,INSERT- SPMG 07T308&SPMG 090408,TCH,AK,DRG,NO-08747 (J D HOUSING)"
,,,SHRINK FIT ADAPTOR BT50/T1800 GPL 120 A
,,,"SPL COMB BORING BAR OF DIA 34.4/DIA42.0,OAL-192.0,SHANK-32.0,TCH INSERTT- SPMG 090408,AK,DRG,NO-08748 (J D HOUSING)"
,,,"SPL COMB U DRILL OF DIA 20.7/DIA34.4,OAL-165.0,SHANK-32.0,INSERT- SPMG 07T308&SPMG 090408,TCH,AK,DRG,NO-08747 (J D HOUSING)"
,J/W ARM REAR CASTER FH309200,FULL-FINISH,HNHX 1006 ANTN ML TT6030
,,,PS SC END MILL DIA 25 X FL110 X OAL 160
,,,R - HNHX 1006 ANTN ML TT6030
,,,R - PS SC END MILL DIA 25 X FL110 X OAL 160
,,,R - SCMT 120408 UC 5115
,,,R - SNGX 130608-M SG6800
,,,R - SPMG 090408-32000008
,,,R - TCGT 110204 FL  K10
,,,R - TCMT 16T308 K20K 0.000
,,,SCMT 120408 UC 5115
,,,SNGX 130608-M SG6800
,,,SPMG 090408-32000008
,,,TCGT 110204 FL  K10
,,,TCMT 16T308 K20K 0.000
,J/W BLOCK CYLINDER K19 J3232675S,1st and 2nd OPERATION,
,,,22-1506-6100 TT6030
,,,AOMT 184850 PEER-H VP 20RT
,,,APKT 1204 PER-EM TT 9030
,,,CCMT 120408 MT TT7310
,,,HNCF 100610 KCK 15
,,,MDS0800HX3 PS SC DRILL DIA 8 X 40FL X 78 OAL
,,,PS SC BUR DRILL DIA 22.22XFL140XOAL200XSHDIA20  T.C
,,,PS SC DRILL DIA 4.76 X FL 60 X OAL 105 T.C
,,,R - 22-1506-6100 TT6030
,,,R - AOMT 184850 PEER-H VP 20RT
,,,R - APKT 1204 PER-EM TT 9030
,,,R - CCMT 120408 MT TT7310
,,,R - HNCF 100610 KCK 15
,,,R - MDS0800HX3 PS SC DRILL DIA 8 X 40FL X 78 OAL
,,,R - PS SC BUR DRILL DIA 22.22XFL140XOAL200XSHDIA20  T.C
,,,R - PS SC DRILL DIA 4.76 X FL 60 X OAL 105 T.C
,,,R - SCREW TPS43
,,,R - SDEN 1204 PDEN4WC WBK40U
,,,R - SDEN 1204-WC WBK40U CBN-4 EDGES
,,,R - SDMT 1204 PDR MH WK 15CM
,,,R - SNGN 120412 T00520 SL500
,,,R - SNGX 1506 ANTN-KR TT 6030
,,,R - SNHX 120412 T125-S
,,,R - SNKX 1506 ANTN TT 9030
,,,R - SNMA 120408 TT 7015
,,,R - SPARE CLAMP SCREW 214 80 672
,,,R - SPARE SO 35080I
,,,R - SPMG 090408-32000008
,,,R - TAP 3/8-16 UNC H5 VPO-DC-HT 1005300808
,,,R - TAP 5/8-11 UNC VPO-DC-HT PM T2310950
,,,R - TCMT 090208 MT TT 7310
,,,R - TCMT 110208 UE 6110
,,,R - TCMT 16T302 LF /KC5025
,,,R - TCMT 16T308 K20K 0.000
,,,R - TNMA 160408 UC5115
,,,R - TNMA 160412 UC 5115
,,,R - TPKT 1605 PDTR-HE- TT9080
,,,R - TPKT 1804 PDR-M TT 6030
,,,R - TPKT 220504 TT 8020
,,,R - TPKT 220550-6131 TT8020
,,,R - WCMT 050308 PA120
,,,R - WCMT 06T308 UE 6110
,,,R - WCMX 080412 TT 9030
,,,RESHARP SPMG 140512 DG TT 9030
,,,SCREW TPS43
,,,SDEN 1204 PDEN4WC WBK40U
,,,SDEN 1204-WC WBK40U CBN-4 EDGES
,,,SDMT 1204 PDR MH WK 15CM
,,,SNGN 120412 T00520 SL500
,,,SNGX 1506 ANTN-KR TT 6030
,,,SNHX 120412 T125-S
,,,SNKX 1506 ANTN TT 9030
,,,SNMA 120408 TT 7015
,,,SPARE CLAMP SCREW 214 80 672
,,,SPARE SO 35080I
,,,SPMG 090408-32000008
,,,SPMG 140512 DG TT 9030
,,,TAP 3/8-16 UNC H5 VPO-DC-HT 1005300808
,,,TAP 5/8-11 UNC VPO-DC-HT PM T2310950
,,,TCMT 090208 MT TT 7310
,,,TCMT 110208 UE 6110
,,,TCMT 16T302 LF /KC5025
,,,TCMT 16T308 K20K 0.000
,,,TNMA 160408 UC5115
,,,TNMA 160412 UC 5115
,,,TPKT 1605 PDTR-HE- TT9080
,,,TPKT 1804 PDR-M TT 6030
,,,TPKT 220504 TT 8020
,,,TPKT 220550-6131 TT8020
,,,WCMT 050308 PA120
,,,WCMT 06T308 UE 6110
,,,WCMX 080412 TT 9030
,,3rd and 4th OPERATION,CNMA 120412 UC 5115
,,,PS SC DRILL DIA 13.5X65X110 T.C
,,,R - CNMA 120412 UC 5115
,,,R - PS SC DRILL DIA 13.5X65X110 T.C
,,,R - SOLID CARBIDE THROUGH COOLANT DRILL DIA 25 X FL 130 XOAL 200 X SD 20
,,,R - SPARE SR 14-591
,,,R - SPARE WEDGE 3770915554700
,,,R - WCMX 06T308 YG602
,,,SOLID CARBIDE THROUGH COOLANT DRILL DIA 25 X FL 130 XOAL 200 X SD 20
,,,SPARE SR 14-591
,,,SPARE WEDGE 3770915554700
,,,WCMX 06T308 YG602
KFPLU1|PM|HMC|72,J/W CRANK CASE 8840556636,2nd OPERATION,
,,,3NU TCGW 090204 BN 500
,,,3QP-TPGW 090204 BX480
,,,3QP-TPGW 110308 BX480
,,,BFTX0412IP
,,,CCGT 060204 FL  K10
,,,CCMT 09T308 PA 120
,,,FA2-FASP21 - MBU MAKE MITSUBISHI
,,,FINISH BORING BAR D59-GPL-200 X BT 40 WITHOUT MBU YGD59 (CC 225)
,,,FINISH BORING BAR D90-GPL-100 X BT 40 WITHOUT MBU YGD59 (CC 225)
,,,J/W 3NU TCGW 090204 BN 500
,,,J/W PS SC DRILL DIA 2.5x25x55 - RESHARP
,,,KFPKU1/CC/08 PS SC STEP DRILL DIA2.5 X SL7 X DIA 6 X 105 OAL
,,,KFPLU1/CC/02 PS SC STEP DRILL DIA8.6/9/12 X 40/52/68 X 110 X sh12 TCH drill (Sec dia working)TCH
,,,KFPLU1/CC/05 PS SC STEP DRILL DIA 6.8 X SL23.6 X DIA 10 X 60 X 110 X SH10 (TCH)
,,,KFPLU1/CC/05 PS SC STEP DRILL DIA 6.8 X SL23.6 X DIA10 X 60 X 110 X SH10 (TCH)
,,,KFPLU1/CC/14 PS SC STEP HOIL MILL DIA 10.4 X SL6.5 X DIA14 X FL15 X 80 OAL X Sh14 
,,,MBU FLTA 0902
,,,NNMU 200608 ZEN HK MC5020
,,,PS SC DRILL DIA 2.5x25x55
,,,PS SC DRILL DIA 4XFL30XOAL70
,,,PS SC ENDMILL DIA 3 X FL7 X OAL65 X SH DIA 6
,,,R - 3QP-TPGW 090204 BX480
,,,R - 3QP-TPGW 110308 BX480
,,,R - BFTX0412IP
,,,R - CCGT 060204 FL  K10
,,,R - CCMT 060208 R PA120
,,,R - FA2-FASP21 - MBU MAKE MITSUBISHI
,,,R - FINISH BORING BAR D59-GPL-200 X BT 40 WITHOUT MBU YGD59 (CC 225) 
,,,R - FINISH BORING BAR D90-GPL-100 X BT 40 WITHOUT MBU YGD59 (CC 225) 
,,,R - KFPKU1/CC/08 PS SC STEP DRILL DIA2.5 X SL7 X DIA 6 X 105 OAL
,,,R - KFPLU1/CC/02 PS SC STEP DRILL DIA8.6/9/12 X 40/52/68 X 110 X sh12 TCH drill (Sec dia working)TCH
,,,R - KFPLU1/CC/05 PS SC STEP DRILL DIA 6.8 X SL23.6 X DIA 10 X 60 X 110 X SH10 (TCH)
,,,R - KFPLU1/CC/05 PS SC STEP DRILL DIA 6.8 X SL23.6 X DIA10 X 60 X 110 X SH10 (TCH)
,,,R - KFPLU1/CC/14 PS SC STEP HOIL MILL DIA 10.4 X SL6.5 X DIA14 X FL15 X 80 OAL X Sh14 
,,,R - MBU FLTA 0902
,,,R - NNMU 200608 ZEN HK MC5020
,,,R - PS SC DRILL DIA 4XFL30XOAL70
,,,R - PS SC ENDMILL DIA 3 X FL7 X OAL65 X SH DIA 6
,,,R - SCREW TPS43
,,,R - SEMT 1304 PETR EM TT 6030
,,,R - SNCN 1204 NT00520 SL854C
,,,R - SNGN 120412 BKU 203
,,,R - SNGX 1306 PNTN-W TT 6080
,,,R - SNGX 130608-M SG6800
,,,R - SNGX 1306C08 ZN-M TT 7515
,,,R - SNHX 120412 T125-S BKM620 
,,,R - SNKC 100508 PNTR-MS TT 6030
,,,R - SNMX 1206QNN YG 5020
,,,R - SPARE CS5015060T
,,,R - SPARE DLS 3
,,,R - SPARE SCREW 214 80 687
,,,R - SPARE SCREW -4015 M4 X 11 -SNMX  INSERT 
,,,R - SPARE SO 22050I
,,,R - SPARE SO 35080I
,,,R - SPARE SO 35124I
,,,R - SPARE-TS 40B100 I
,,,R - SRF/SC-ST/ 179 PS SC STEP DRILL DIA 2.4 X SL7.5 X DIA 6 X OAL 80 X SH DIA 6
,,,R - TAP M10X1.0 VOP-LW-SFT 2.5P(ZF) T1503373 
,,,R - TAP M5X0.80
,,,R - TAP M8X1.25 HSS-E TIN-DC-MT T2002957 
,,,R - TAP M8X1.25 WPO-DC-MT PM T1702638
,,,R - TCGT 090204 FL K10
,,,R - TCGW 090204 LSO1015 AS 7500
,,,R - TCMT 090204 FP4 WPP10G
,,,R - TCMT 090204 MT TT7310
,,,R - TCMT 090208 MT TT 7310
,,,R - TCMT 110204 MT TT 7310
,,,R - TCMT 110208 UE 6110
,,,R - TCMT 16T308 CKC1522 
,,,R - TCMT 16T308 K20K 0.000
,,,R - TCMT 16T308-C25 NC6315
,,,R - TCMT 16T312 PTN10U
,,,R - TDG 4.9-17413 TT9030
,,,R - TDT 4.70-1.00 TT 6030
,,,R - TNMA 160408 UC5115
,,,R - TNMG 160408 RK NC 6315
,,,R - TORQUE KEY BIT TPK-B01-TX15-75
,,,R - TORQUE KEY BIT TPK-B01-TX20-75
,,,SCREW TPS43
,,,SEMT 1304 PETR EM TT 6030
,,,SNCN 1204 NT00520 SL854C
,,,SNGN 120412 BKU 203
,,,SNGX 1306 PNTN-W TT 6080
,,,SNGX 130608-M SG6800
,,,SNGX 1306C08 ZN-M TT 7515
,,,SNHX 120412 T125-S BKM620
,,,SNKC 100508 PNTR-MS TT 6030
,,,SNMX 1206QNN YG 5020
,,,SPARE CS5015060T
,,,SPARE DLS 3
,,,SPARE SCREW 214 80 687
,,,SPARE SCREW -4015 M4 X 11 -SNMX  INSERT 
,,,SPARE SO 22050I
,,,SPARE SO 35080I
,,,SPARE SO 35124I
,,,SPARE-TS 40B100 I
,,,SRF/SC-ST/ 179 PS SC STEP DRILL DIA 2.4 X SL7.5 X DIA 6 X OAL 80 X SH DIA 6
,,,TAP M10X1.0 VOP-LW-SFT 2.5P(ZF) T1503373 
,,,TAP M5X0.80
,,,TAP M8X1.25 HSS-E TIN-DC-MT T2002957 
,,,TAP M8X1.25 WPO-DC-MT PM T1702638
,,,TCGT 090204 FL K10
,,,TCGW 090204 LSO1015 AS 7500
,,,TCMT 090204 FP4 WPP10G
,,,TCMT 090204 MT TT7310
,,,TCMT 090208 MT TT 7310
,,,TCMT 110204 MT TT 7310
,,,TCMT 110208 UE 6110
,,,TCMT 16T308 CKC1522 
,,,TCMT 16T308 K20K 0.000
,,,TCMT 16T308-C25 NC6315
,,,TCMT 16T312 PTN10U
,,,TDG 4.9-17413 TT9030
,,,TDT 4.70-1.00 TT 6030
,,,TNMA 160408 UC5115
,,,TNMG 160408 RK NC 6315
,,,TORQUE KEY BIT TPK-B01-TX15-75
,,,TORQUE KEY BIT TPK-B01-TX20-75
,J/W CRANKCASE GP3.001.01.7.PR MACHINING WITH BEARING CAP AND READY FOR HONING,8th And 9th OPERATION ,ADAPTOR BT 50 SLA 20160         
,,,CCGW 060204 FN-FG0 LCPK15X (K1200514)
,,,CCMT 09T308 PA 120
,,,CCMT 120404 MT TT 8115
,,,EDCT 180532PDERLD KC 552M 
,,,HYDROGRIP COLLET DHC 20 - 12 
,,,J/W MDHX1004ZDERGD4W - K110M
,,,J/W PS SC DRILL DIA 12.0xFL160xOAL200 (TC)  RESHARP
,,,LNGX 130508 PNFN-W 260
,,,MDHX1004ZDERGD4W - K110M
,,,ONMU 080612 YG 5020
,,,PS SC DRILL DIA 12XFL110XOAL150
,,,PS SC DRILL DIA 5 X FL 60X OAL 105 T.C
,,,PULL STUD BT 50 SPECIAL
,,,R - ADAPTOR BT 50 SLA 20160         
,,,R - CCGW 060204 FN-FG0 LCPK15X (K1200514)
,,,R - CCMT 060208 R PA120
,,,R - CCMT 120404 MT TT 8115
,,,R - EDCT 180532PDERLD KC 552M 
,,,R - HYDROGRIP COLLET DHC 20 - 12 
,,,R - LNGX 130508 PNFN-W 260
,,,R - ONMU 080612 YG 5020
,,,R - PS SC DRILL DIA 5 X FL 60X OAL 105 T.C
,,,R - PULL STUD BT 50 SPECIAL
,,,R - REKORD A-GG TIALN-T4 M6X1-6HX
,,,R - SNGX 1306C08 ZN-M TT 7515
,,,R - SPARE BFTX 03588
,,,R - TAP M8X1.25 WPO-DC-MT PM T1702638
,,,R - WNEU2006ZEN7C-WK MC 5020
,,,REKORD A-GG TIALN-T4 M6X1-6HX
,,,RESHARP SPMG 110408 TT 9030
,,,SNGX 1306C08 ZN-M TT 7515
,,,SPARE BFTX 03588
,,,SPMG 110408 TT 9030
,,,TAP M8X1.25 WPO-DC-MT PM T1702638
,,,WNEU2006ZEN7C-WK MC 5020
KFPLU1 | PM | HMC | 26,J/W DRUM SUPPORT 2000604284,1st OPERATION,3NU TCGW 110204 SB (1816) BN700 
,,,3NU TCMW 110204SB(1816)BN 700
,,,3NU TCMW 110208SB(1816)BN 700
,,,3QP-TPGW 110308 BX480
,,,ADAPTER BT 50 FMH 40 090 WITH 20° PCD HOLE 
,,,ADAPTOR BT 50 ER 32100 
,,,ADAPTOR BT 50 ER 32160 
,,,ADAPTOR BT 50 ER 32200
,,,ADAPTOR BT 50 ERM 25250
,,,ADAPTOR BT 50 FMH 32100
,,,ADAPTOR BT 50 SLA 25105
,,,ADAPTOR BT 50 SLA 25160
,,,ADAPTOR BT 50 SLA 32105
,,,ADAPTOR BT50 FMH32 200
,,,BC PORT CUTTER DIA 13.09/15.665/25 X FL35 X OAL80 X SD20 WAKER
,,,BT50 FMH 27 160
,,,BT50 FMH22160
,,,BT50 FMH22200
,,,BT50 FMH22250
,,,BT50 FMH27200
,,,CCGT 060204 FL  K10
,,,CENTER CUTTING SPOT FACE DIA 25 SLA GPL 170 BT50 WAKER
,,,CNMG 120408 GH UC5115
,,,COMB ROUGH BORING BAR DIA101.4 X 108.4 FMH32 GPL240 BT50 WAKER
,,,COMB ROUGH BORING BAR DIA139.5 X 141.47 WITH CFER 60° GPL140 BT50 WAKER
,,,COMB ROUGH BORING BAR DIA57.6 X 63.0 X 64.1 WITH CFER 45° SLA GPL255 BT50 WAKER 
,,,COMB ROUGH BORING BAR DIA62.28 X 79.5 WITH CFER 30° FMH27 GPL215 BT50 WAKER
,,,COMB ROUGH BORING BAR DIA79.5 X 85.5 WITH CFER 30° GPL145 BT50 WAKER 
,,,F D-371 HSS-E M8 X 1.25 6H  CIR T.C.H. FUTURAF--002486
,,,F D-376 HSS-E M12 X 1.75 6H  CIR T.C.H. FUTURA F--002512
,,,FINISH BORING BAR DAI63.57 GPL260 BT50 WAKER 
,,,FINISH BORING BAR DAI76.0 GPL150 BT50 WAKER
,,,FINISH BORING BAR DIA101.82 GPL240 BT50 WAKER
,,,FINISH BORING BAR DIA108.84 GPL240 BT50 WAKER
,,,FINISH BORING BAR DIA139.9675 GPL130 BT50 WAKER
,,,FINISH BORING BAR DIA42.0 H13 GPL150 BT50 WAKER 
,,,FINISH BORING BAR DIA45.0 GPL200 BT50 WAKER
,,,FINISH BORING BAR DIA51.0 H7 GPL170 BT50 WAKER 
,,,FINISH BORING BAR DIA74.98 GPL150 BT50 WAKER
,,,FINISH BORING BAR DIA79.98 GPL170 BT50 WAKER
,,,HYDRAULIC CHUCK BT 50AD/B-HC10-90
,,,HYDRAULIC CHUCK BT 50AD/B-HC12-90 
,,,ID ROLLER BURNISHING TOOL - BLIND DIA 74.97 mm With MT3 Shank [Blind bore]                                                          
,,,ID ROLLER BURNISHING TOOL - BLIND DIA 76mm With MT3 Shank [Blind bore]                                                           
,,,ID ROLLER BURNISHING TOOL - OPEN DAI 45mm With MT3 Shank [Open bore]                                         
,,,ID ROLLER BURNISHING TOOL DIA 48mm TS MT2 [open bore]
,,,ID ROLLER BURNISHING TOOL-FBT Dia 79.967mm with MT3 SHANK [blind bore]                   
,,,LC PORT CUTTER DIA 9.9/12.465 X FL35 X OAL115 X SD MT2 WAKER
,,,MILLING DIA63 R6 FMH22 GPL145 BT50 WAKER
,,,OD FINISH BORING DIA168.8 GPL120 BT50 WAKER
,,,OD ROUGH BORING BAR DIA168.5 WITH CFER 45° GPL120 BT50 WAKER
,,,PS SC CENTER DRILL DIA 16XFL90XOAL110
,,,PS SC DRILL DIA 10.25 X FL60 X OAL110 X SH10 TCH
,,,PS SC DRILL DIA 10.75 X FL 100 X OAL 150 TC
,,,PS SC DRILL DIA 11.5XFL55XOAL100XSH DIA 12 T.C
,,,PS SC DRILL DIA 14XFL65XOAL110 (TC)
,,,PS SC DRILL DIA 17 X FL 70 X OAL 120 TC ( DM )
,,,PS SC DRILL DIA 20 X FL 60 X OAL 240 X SH DIA 20 TC
,,,PS SC DRILL DIA 20.5XFL60XOAL110 T.C
,,,PS SC DRILL DIA 6.75 X FL 60 X OAL 100 TC
,,,PS SC DRILL DIA 8.5 X FL60 X OAL 110 T.C DM
,,,PS SC DRILL DIA 9.5XFL60XOAL110 T.C
,,,PS SC DRILL DIA 9XFL65XOAL110 T.C
,,,PS SC END MILL DIA 20 X FL60 X OAL 110
,,,PS SC END MILL DIA 25 X FL110 X OAL 160
,,,PS SC ENDMILL DIA 13.5XFL50XOAL100
,,,PS SC ENDMILL DIA 18X60X160
,,,PS SC ENDMILL DIA 21.25X40X160
,,,PS SC ENDMILL DIA 25X60X110
,,,PS SC REAMER DIA 10.024XFL30XOAL100
,,,R - 3NU TCMW 110204SB(1816)BN 700
,,,R - 3QP-TPGW 110308 BX480
,,,R - ADAPTER BT 50 FMH 40 090 WITH 20° PCD HOLE 
,,,R - ADAPTOR BT 50 ER 32100 
,,,R - ADAPTOR BT 50 ER 32160 
,,,R - ADAPTOR BT 50 ER 32200
,,,R - ADAPTOR BT 50 ERM 25250
,,,R - ADAPTOR BT 50 FMH 32100
,,,R - ADAPTOR BT 50 SLA 25105
,,,R - ADAPTOR BT 50 SLA 25160
,,,R - ADAPTOR BT 50 SLA 32105
,,,R - ADAPTOR BT50 FMH32 200
,,,R - BC PORT CUTTER DIA 13.09/15.665/25 X FL35 X OAL80 X SD20 WAKER
,,,R - BT50 FMH 27 160
,,,R - BT50 FMH22160
,,,R - BT50 FMH22200
,,,R - BT50 FMH22250
,,,R - BT50 FMH27200
,,,R - CCGT 060204 FL  K10
,,,R - CENTER CUTTING SPOT FACE DIA 25 SLA GPL 170 BT50 WAKER
,,,R - CNMG 120408 GH UC5115
,,,R - COMB ROUGH BORING BAR DIA101.4 X 108.4 FMH32 GPL240 BT50 WAKER
,,,R - COMB ROUGH BORING BAR DIA139.5 X 141.47 WITH CFER 60° GPL140 BT50 WAKER
,,,R - COMB ROUGH BORING BAR DIA57.6 X 63.0 X 64.1 WITH CFER 45° SLA GPL255 BT50 WAKER
,,,R - COMB ROUGH BORING BAR DIA62.28 X 79.5 WITH CFER 30° FMH27 GPL215 BT50 WAKER
,,,R - COMB ROUGH BORING BAR DIA79.5 X 85.5 WITH CFER 30° GPL145 BT50 WAKER
,,,R - F D-371 HSS-E M8 X 1.25 6H  CIR T.C.H. FUTURAF--002486
,,,R - F D-376 HSS-E M12 X 1.75 6H  CIR T.C.H. FUTURA F--002512
,,,R - FINISH BORING BAR DAI63.57 GPL260 BT50 WAKER
,,,R - FINISH BORING BAR DAI76.0 GPL150 BT50 WAKER
,,,R - FINISH BORING BAR DIA101.82 GPL240 BT50 WAKER
,,,R - FINISH BORING BAR DIA108.84 GPL240 BT50 WAKER
,,,R - FINISH BORING BAR DIA139.9675 GPL130 BT50 WAKER
,,,R - FINISH BORING BAR DIA42.0 H13 GPL150 BT50 WAKER
,,,R - FINISH BORING BAR DIA45.0 GPL200 BT50 WAKER
,,,R - FINISH BORING BAR DIA51.0 H7 GPL170 BT50 WAKER
,,,R - FINISH BORING BAR DIA74.98 GPL150 BT50 WAKER
,,,R - FINISH BORING BAR DIA79.98 GPL170 BT50 WAKER
,,,R - HYDRAULIC CHUCK BT 50AD/B-HC10-90
,,,R - HYDRAULIC CHUCK BT 50AD/B-HC12-90
,,,R - ID ROLLER BURNISHING TOOL - BLIND DIA 74.97 mm With MT3 Shank [Blind bore]
,,,R - ID ROLLER BURNISHING TOOL - BLIND DIA 76mm With MT3 Shank [Blind bore]
,,,R - ID ROLLER BURNISHING TOOL - OPEN DAI 45mm With MT3 Shank [Open bore]
,,,R - ID ROLLER BURNISHING TOOL DIA 48mm TS MT2 [open bore]
,,,R - ID ROLLER BURNISHING TOOL-FBT Dia 79.967mm with MT3 SHANK [blind bore]
,,,R - LC PORT CUTTER DIA 9.9/12.465 X FL35 X OAL115 X SD MT2 WAKER
,,,R - MILLING DIA63 R6 FMH22 GPL145 BT50 WAKER
,,,R - OD FINISH BORING DIA168.8 GPL120 BT50 WAKER
,,,R - OD ROUGH BORING BAR DIA168.5 WITH CFER 45° GPL120 BT50 WAKER
,,,R - PS SC CENTER DRILL DIA 16XFL90XOAL110
,,,R - PS SC DRILL DIA 10.25 X FL60 X OAL110 X SH10 TCH
,,,R - PS SC DRILL DIA 10.75 X FL 100 X OAL 150 TC
,,,R - PS SC DRILL DIA 11.5XFL55XOAL100XSH DIA 12 T.C
,,,R - PS SC DRILL DIA 14XFL65XOAL110 (TC)
,,,R - PS SC DRILL DIA 17 X FL 70 X OAL 120 TC ( DM )
,,,R - PS SC DRILL DIA 20 X FL 60 X OAL 240 X SH DIA 20 TC
,,,R - PS SC DRILL DIA 20.5XFL60XOAL110 T.C
,,,R - PS SC DRILL DIA 6.75 X FL 60 X OAL 100 TC
,,,R - PS SC DRILL DIA 8.5 X FL60 X OAL 110 T.C DM
,,,R - PS SC DRILL DIA 9.5XFL60XOAL110 T.C
,,,R - PS SC DRILL DIA 9XFL65XOAL110 T.C
,,,R - PS SC END MILL DIA 20 X FL60 X OAL 110
,,,R - PS SC END MILL DIA 25 X FL110 X OAL 160
,,,R - PS SC ENDMILL DIA 13.5XFL50XOAL100
,,,R - PS SC ENDMILL DIA 18X60X160
,,,R - PS SC ENDMILL DIA 21.25X40X160
,,,R - PS SC ENDMILL DIA 25X60X110
,,,R - PS SC REAMER DIA 10.024XFL30XOAL100
,,,R - REK A-GG TIALN-T4 7/16X20 UNF-2BX
,,,R - ROUGH BORING BAR DIA50.5 SLA GPL175 BT50 WAKER
,,,R - SC NTC TREPPANING CUTTER DIA 23/42 X FL40 X OAL X SD32 WAKER
,,,R - SC NTC TREPPANING CUTTER DIA 7.935/13.165/14 X FL15 X OAL160 X SD12 WAKER
,,,R - SEMI FINISH BORING DIA67.0 GPL220 BT50 WAKER
,,,R - SEMI FINISH BORING DIA74.5 X 75.5 WITH CFER 60°/45° GPL150 BT50 WAKER
,,,R - SHR/671 REVERSE SPOT FACE CUTTER Dia.42
,,,R - SHR/780 PS CT Port Cutter DIA 12.9xDIA 15.7xDIA 36x12°x45°xSHDIA 20xOAL(9/16)
,,,R - SHRINK FIT ADAPTOR BT50/T0800 GPL 100 A
,,,R - SHRINK FIT ADAPTOR BT50/T1000 GPL 100 A
,,,R - SHRINK FIT ADAPTOR BT50/T1200 GPL 100 A
,,,R - SPL COMB ROUGHING BORING BAR OF DIA 52.0 X 10/62.0 X GPL-160.0 BT-50.0 
,,,R - SPL FINISH BORING BAR OFDIA 57.9 X GPL-160.0 BT-50.0 WITHOUT M.B.U
,,,R - SPL ROUGHING BORING BAR OF DIA 57.4 X GPL-160.0 BT-50.0
,,,R - SPMG 090408-32000008
,,,R - SPMG 140512 DG TT 8020
,,,R - SPOT FACE DIA30 SLA GPL165 BT50 WAKER
,,,R - SRF/SC/2222 PS SC STEP DRILL DIA 14XSL45XDIA20XOAL160
,,,R - SRF/SC-ST/ 146 PS SC STEP DRILL DIA 15.1 X SL 60 X DIA 18 X OAL 120 TC
,,,R - SRF/SC-ST/ 148 PS SC STEP DRILL DIA 6.8 X SL 35 X DIA 10 X OAL 100 TC
,,,R - TCMT 110204 MT TT 7310
,,,R - TCMT 16T308 K20K 0.000
,,,R - U DRILL DIA41.5 WITH CFER 45° SLA GPL205 BT50 WAKER
,,,R - U DRILL DIA44.5 WITH CFER 45° FL109 SLA BT50 WAKER
,,,R - U DRILL DIA48.0 SLA BT50 WAKER
,,,REK A-GG TIALN-T4 7/16X20 UNF-2BX
,,,ROUGH BORING BAR DIA50.5 SLA GPL175 BT50 WAKER 
,,,SC NTC TREPPANING CUTTER DIA 23/42 X FL40 X OAL X SD32 WAKER
,,,SC NTC TREPPANING CUTTER DIA 7.935/13.165/14 X FL15 X OAL160 X SD12 WAKER
,,,SEMI FINISH BORING DIA67.0 GPL220 BT50 WAKER
,,,SEMI FINISH BORING DIA74.5 X 75.5 WITH CFER 60°/45° GPL150 BT50 WAKER
,,,SHR/671 REVERSE SPOT FACE CUTTER Dia.42
,,,SHR/780 PS CT Port Cutter DIA 12.9xDIA 15.7xDIA 36x12°x45°xSHDIA 20xOAL(9/16)
,,,SHRINK FIT ADAPTOR BT50/T0800 GPL 100 A
,,,SHRINK FIT ADAPTOR BT50/T1000 GPL 100 A
,,,SHRINK FIT ADAPTOR BT50/T1200 GPL 100 A
,,,SPL COMB ROUGHING BORING BAR OF DIA 52.0 X 10/62.0 X GPL-160.0 BT-50.0 
,,,SPL FINISH BORING BAR OFDIA 57.9 X GPL-160.0 BT-50.0 WITHOUT M.B.U
,,,SPL ROUGHING BORING BAR OF DIA 57.4 X GPL-160.0 BT-50.0
,,,SPMG 090408-32000008
,,,SPMG 140512 DG TT 8020
,,,SPOT FACE DIA30 SLA GPL165 BT50 WAKER
,,,SRF/SC/2222 PS SC STEP DRILL DIA 14XSL45XDIA20XOAL160
,,,SRF/SC-ST/ 146 PS SC STEP DRILL DIA 15.1 X SL 60 X DIA 18 X OAL 120 TC
,,,SRF/SC-ST/ 148 PS SC STEP DRILL DIA 6.8 X SL 35 X DIA 10 X OAL 100 TC
,,,TCMT 110204 MT TT 7310
,,,TCMT 16T308 K20K 0.000
,,,U DRILL DIA41.5 WITH CFER 45° SLA GPL205 BT50 WAKER
,,,U DRILL DIA44.5 WITH CFER 45° FL109 SLA BT50 WAKER
,,,U DRILL DIA48.0 SLA BT50 WAKER
EDS | PM | VTL | 4,J/W JD 3 CYLINDER BLOCK VI DZ102793,1st OPERATION,
,,,BFTX0412IP
,,,CCMT 060208 R PA120
,,,CCMT 09T308 PA 120
,,,CNMA 120408 TT 7310
,,,CNMA 120412 UC 5115
,,,CNMG 120412 TM T515
,,,CNMG 1906125 TN4000
,,,HM GF-VHM IKZ TiCN Inn HB 1INCH-11 1/2 NPSF/NPSI (JDB)
,,,HNCF 100610 KCK 15
,,,HNHX 1006 ANTN  W TT 6080
,,,HSS PS DRILL 8.83X400X450
,,,J/W MDHX1004ZDERGD4W - K110M
,,,J/W TAP M10X1.5 HSS-E TIN-DC-MT T2002958 
,,,KFPLU1/JD/07 PS SC STEP DRILL DIA 18.1 X SL40.4 X DIA 25.5 X FL56 X OAL 150 X Sh20
,,,LNGX 130508 PNFN-W 260
,,,LOMU150508ER-GH PR1510
,,,M8065 1204MM-K WK15CM
,,,MDHX1004ZDERGD4W - K110M
,,,MDHX1004ZDFLGD4W - K110M
,,,ONHU 0705 ANPR -W AH120
,,,ONHU 070608-ML DP 7320
,,,ONMU 0705 ANPN ML AH120
,,,ONMU 080612 YG 5020
,,,PS SC DRILL 14.3X70X110X14 TCH
,,,PS SC DRILL 6.8X40X80 X 8 (TCH)
,,,PS SC DRILL DIA 15.8 X FL150 X OAL240 X SH DIA 16 T.C DM
,,,PS SC DRILL DIA 17 X FL 70 X OAL 120 TC ( DM )
,,,PS SC DRILL DIA 8.5 X FL60 X OAL 110 T.C DM
,,,PS SC DRILL DIA.2.72X25X70X6
,,,R  - M8065 1204MM-K WK15CM
,,,R - BFTX0412IP
,,,R - CCMT 060208 R PA120
,,,R - CNMA 120408 TT 7310
,,,R - CNMA 120412 UC 5115
,,,R - CNMG 120412 TM T515
,,,R - CNMG 1906125 TN4000
,,,R - HM GF-VHM IKZ TiCN Inn HB 1INCH-11 1/2 NPSF/NPSI (JDB)
,,,R - HNCF 100610 KCK 15
,,,R - HNHX 1006 ANTN  W TT 6080
,,,R - HSS PS DRILL 8.83X400X450
,,,R - KFPLU1/JD/07 PS SC STEP DRILL DIA 18.1 X SL40.4 X DIA 25.5 X FL56 X OAL 150 X Sh20
,,,R - LNGX 130508 PNFN-W 260
,,,R - LOMU150508ER-GH PR1510
,,,R - ONHU 0705 ANPR -W AH120
,,,R - ONHU 070608-ML DP 7320
,,,R - ONMU 0705 ANPN ML AH120
,,,R - ONMU 080612 YG 5020
,,,R - PS SC DRILL 14.3X70X110X14 TCH 
,,,R - PS SC DRILL 6.8X40X80 X 8 (TCH)
,,,R - PS SC DRILL DIA 15.8 X FL150 X OAL240 X SH DIA 16 T.C DM
,,,R - PS SC DRILL DIA 17 X FL 70 X OAL 120 TC ( DM )
,,,R - PS SC DRILL DIA 8.5 X FL60 X OAL 110 T.C DM
,,,R - PS SC DRILL DIA.2.72X25X70X6
,,,R - Rek 2A-H/F IKZ/IKZN TICN 5/16-18 UNC-2BX (H1CT)
,,,R - REK A-GG TIALN-T4 M12X1.75-6HX (CG OFF) (JDB)
,,,R - REK2A-H TIALN-T4 1/4X18 NPSF
,,,R - REKORD 2A-H TICN 3/8X18 NPSF
,,,R - Rekord A GG TICN 5/16-18 UNC-2BX (JDB) A
,,,R - Rekord A IKZN TICN 1/2-14 NPSF-X (H1CT)
,,,R - REKORD A-H TICN 3/8X16 NC 5IF
,,,R - REKORD A-H/E TICN 1/2 x 13 UNC 2BX(JDB)
,,,R - SDMT 1204 PDR MH WK 15CM
,,,R - SEMT 1304 PETR EM TT 6030
,,,R - SNGX 1306 PNTN-W TT 6080
,,,R - SNGX 130608-M SG6800
,,,R - SNGX 1306C08 ZN-M TT 7515
,,,R - SNGX 1506 ANTN-KR TT 6030
,,,R - SNMA 120408 TT 7015
,,,R - SNMX 1206QNN YG 5020
,,,R - SPARE BFTX 03588
,,,R - SPARE CS5015060T
,,,R - SPARE DLM 4
,,,R - SPARE LSC 42
,,,R - SPARE SCREW 214 80 687
,,,R - SPARE SCREW -4015 M4 X 11 -SNMX  INSERT 
,,,R - SPARE SCREW –YS -1020-M5 - ONMU INSERT 
,,,R - SPARE SO 35080I
,,,R - SPARE SO 35124I
,,,R - SPARE SR 14-591
,,,R - SPARE TS 50C130 I
,,,R - SPARE-TS 40B100 I
,,,R - SPMG 090408-32000008
,,,R - TAP ADAPTOR QA 1 8X6.2 
,,,R - TAP M14X1.5 C VPO-LW-SFT PM T1503377
,,,R - TAP M14X2 6HX PM LH  T11503370
,,,R - TAP M16X2
,,,R - TAP M16X2 6HX WPO-DC-MT PM T1708944
,,,R - TAP M8X1.25 HSS-E TIN-DC-MT T2002957 
,,,R - TAP M8X1.25 WPO-DC-MT PM T1702638
,,,R - TAPPING CHUCK QCF 1 /TR. 20X2
,,,R - TCMT 110204 MT TT 7310
,,,R - TCMT 110208 UE 6110
,,,R - TCMT 16T308 CKC1522 
,,,R - TCMT 16T308 K20K 0.000
,,,R - TCMT 16T308-C25 NC6315
,,,R - TNKT 160608 PESR - MM PC 6510
,,,R - TNKT 200708PESR-MM PC 6510
,,,R - TNMA 130408 TT 6030B
,,,R - TNMA 160412 UC 5115
,,,R - TNMG 130408 MT TT 7310
,,,"R - TORQUE KEY TORX SET TPK01 TX15-3.0, 4BIT "
,,,"R - TORQUE KEY TORX SET TPK01-TX20-5.0, 4BIT "
,,,R - TPKT 1804 PDR-M TT 6030
,,,R - TS SC LUGGED STEP DRILL Dia.6.75XSL27XØ9.52XFL115XOAL180XMT1
,,,R - TYP 2A-H TIALN-T4 M8X1.25-6HX (EXTRA LONG JDB)
,,,R - TYPE 2 A TICN 1/8-27 NPSF X (RAH)
,,,R - WCMT 06T308 UE 6110
,,,R - WCMX 06T308 YG602
,,,Rek 2A-H/F IKZ/IKZN TICN 5/16-18 UNC-2BX (H1CT)
,,,REK A-GG TIALN-T4 M12X1.75-6HX (CG OFF) (JDB)
,,,REK2A-H TIALN-T4 1/4X18 NPSF
,,,REKORD 2A-H TICN 3/8X18 NPSF
,,,Rekord A GG TICN 5/16-18 UNC-2BX (JDB) A
,,,Rekord A IKZN TICN 1/2-14 NPSF-X (H1CT)
,,,REKORD A-H TICN 3/8X16 NC 5IF
,,,REKORD A-H/E TICN 1/2 x 13 UNC 2BX(JDB)
,,,SDMT 1204 PDR MH WK 15CM
,,,SEMT 1304 PETR EM TT 6030
,,,SNGX 1306 PNTN-W TT 6080
,,,SNGX 130608-M SG6800
,,,SNGX 1306C08 ZN-M TT 7515
,,,SNGX 1506 ANTN-KR TT 6030
,,,SNMA 120408 TT 7015
,,,SNMX 1206QNN YG 5020
,,,SPARE BFTX 03588
,,,SPARE CS5015060T
,,,SPARE DLM 4
,,,SPARE LSC 42
,,,SPARE SCREW 214 80 687
,,,SPARE SCREW -4015 M4 X 11 -SNMX  INSERT 
,,,SPARE SCREW –YS -1020-M5 - ONMU INSERT 
,,,SPARE SO 35080I
,,,SPARE SO 35124I
,,,SPARE SR 14-591
,,,SPARE TS 50C130 I
,,,SPARE-TS 40B100 I
,,,SPMG 090408-32000008
,,,TAP ADAPTOR QA 1 8X6.2 
,,,TAP M10X1.5 HSS-E TIN-DC-MT T2002958 
,,,TAP M14X1.5 C VPO-LW-SFT PM T1503377 
,,,TAP M14X2 6HX PM LH  T11503370
,,,TAP M16X2
,,,TAP M16X2 6HX WPO-DC-MT PM T1708944
,,,TAP M8X1.25 HSS-E TIN-DC-MT T2002957 
,,,TAP M8X1.25 WPO-DC-MT PM T1702638
,,,TAPPING CHUCK QCF 1 /TR. 20X2
,,,TCMT 110204 MT TT 7310
,,,TCMT 110208 UE 6110
,,,TCMT 16T308 CKC1522 
,,,TCMT 16T308 K20K 0.000
,,,TCMT 16T308-C25 NC6315
,,,TNKT 160608 PESR - MM PC 6510
,,,TNKT 200708PESR-MM PC 6510
,,,TNMA 130408 TT 6030B
,,,TNMA 160412 UC 5115
,,,TNMG 130408 MT TT 7310
,,,"TORQUE KEY TORX SET TPK01 TX15-3.0, 4BIT "
,,,"TORQUE KEY TORX SET TPK01-TX20-5.0, 4BIT "
,,,TPKT 1804 PDR-M TT 6030
,,,TS SC LUGGED STEP DRILL Dia.6.75XSL27XØ9.52XFL115XOAL180XMT1
,,,TYP 2A-H TIALN-T4 M8X1.25-6HX (EXTRA LONG JDB)
,,,TYPE 2 A TICN 1/8-27 NPSF X (RAH)
,,,WCMT 06T308 UE 6110
,,,WCMX 06T308 YG602
,J/W QSK60 BLOCK 5543579,3rd OPERATION,BDMT 17040BERN3PR1210
,,,BDMT 17040BERN4PR1210
,,,CARTRIDGE STGCL 12 CA 16
,,,CARTRIDGE-STFCR 12CA16
,,,CNHU 1005R08-KC725M
,,,CNHU 1606R08- KCPK30
,,,CTGQ 120608H02L10B081-HC740
,,,DFR 040304D28GD KCU40
,,,EDPT 140412 PDSRGD-KCPK30
,,,HNMU 110710 ZNSNMM WK15CM
,,,IDI 2628 INSERT
,,,J/W TAP M10X1.5 HSS-E TIN-DC-MT T2002958 
,,,LNEU 1245R04-KC725M
,,,PS SC DRILL DIA 10.25 X FL60 X OAL110 X SH10 TCH
,,,PS SC DRILL DIA 7.93X60X100X8 TCH
,,,PS SC DRILL DIA 8.5 X FL60 X OAL 110 T.C DM
,,,R - BDMT 17040BERN3PR1210
,,,R - BDMT 17040BERN4PR1210
,,,R - CARTRIDGE STGCL 12 CA 16
,,,R - CARTRIDGE-STFCR 12CA16
,,,R - CNHU 1005R08-KC725M
,,,R - CNHU 1606R08- KCPK30
,,,R - CTGQ 120608H02L10B081-HC740
,,,R - DFR 040304D28GD KCU40
,,,R - EDPT 140412 PDSRGD-KCPK30
,,,R - HNMU 110710 ZNSNMM WK15CM
,,,R - IDI 2628 INSERT
,,,R - LNEU 1245R04-KC725M
,,,R - PS SC DRILL DIA 10.25 X FL60 X OAL110 X SH10 TCH
,,,R - PS SC DRILL DIA 7.93X60X100X8 TCH
,,,R - PS SC DRILL DIA 8.5 X FL60 X OAL 110 T.C DM
,,,R - Rekord A-GG/F IKZ TICN 7/16-14 UNC-2BX (H1CT)
,,,R - SC TC STEP DRILL DIA22.05 X DIA26.2 X DIA30 X FL105 X OAL155 X SD25
,,,R - SDET 1204 PDSRGB2 KCK20B
,,,R - SHRINK FIT ADAPTOR BT50/T2500 GPL 100 A
,,,R - SHRINK FIT EXTENSION TSFV1200-160-K1-Z2500 SPL (D-19.8 MM)
,,,R - SNGX 130608-M SG6800
,,,R - SPARE CLAMP SCREW 214 80 672
,,,R - SPARE CS5015060T
,,,R - SPARE SCREW VSM17H (QSK 60)
,,,R - SPARE SO 35080I
,,,R - SPARE SR 14-591
,,,R - SPARE TS 50C130 I
,,,R - SPL INSERTS 1522075-01
,,,R - SPL INSERTS 2305796-01
,,,R - SPL INSERTS 2773461-01
,,,R - SPMG 090408-32000008
,,,R - TAP 3/8-16 UNC H5 VPO-DC-HT 1005300808
,,,R - TAP M12X1.5 C VPO-LW-SFT PM T1503376
,,,R - TCMT 16T308 K20K 0.000
,,,R - TCMT 16T308-C25 NC6315
,,,R - TCMT 16T312 PTN10U
,,,R - TCMT 220408 F K20K
,,,R - TNMG 160412  MT TT1500
,,,"R - TORQUE KEY TORX SET TPK01-TX20-5.0, 4BIT "
,,,R - WCMX 080412 TT 9030
,,,R - XDPT 170408PESRMH WK15CM
,,,R - XDPT 170412PESRMH WK15CM
,,,Rekord A-GG/F IKZ TICN 7/16-14 UNC-2BX (H1CT)
,,,RESHARP SPCX 1203 EDL THM-F
,,,SC TC STEP DRILL DIA22.05 X DIA26.2 X DIA30 X FL105 X OAL155 X SD25
,,,SDET 1204 PDSRGB2 KCK20B
,,,SHRINK FIT ADAPTOR BT50/T2500 GPL 100 A
,,,SHRINK FIT EXTENSION TSFV1200-160-K1-Z2500 SPL (D-19.8 MM)
,,,SNGX 130608-M SG6800
,,,SPARE CLAMP SCREW 214 80 672
,,,SPARE CS5015060T
,,,SPARE SCREW VSM17H (QSK 60)
,,,SPARE SO 35080I
,,,SPARE SR 14-591
,,,SPARE TS 50C130 I
,,,SPCX 1203 EDL THM-F
,,,SPL INSERTS 1522075-01
,,,SPL INSERTS 2305796-01
,,,SPL INSERTS 2773461-01
,,,SPMG 090408-32000008
,,,TAP 3/8-16 UNC H5 VPO-DC-HT 1005300808
,,,TAP M10X1.5 HSS-E TIN-DC-MT T2002958 
,,,TAP M12X1.5 C VPO-LW-SFT PM T1503376
,,,TCMT 16T308 K20K 0.000
,,,TCMT 16T308-C25 NC6315
,,,TCMT 16T312 PTN10U
,,,TCMT 220408 F K20K
,,,TNMG 160412  MT TT1500
,,,"TORQUE KEY TORX SET TPK01-TX20-5.0, 4BIT "
,,,WCMX 080412 TT 9030
,,,XDPT 170408PESRMH WK15CM
,,,XDPT 170412PESRMH WK15CM
,LONGER CLUTCH HOUSING NXT C06516554B1,5th OPERATION,HNHX 1006 ANTN  W TT 6080
,,,HNHX 1006 ANTN ML TT6030
,,,KFPLU1/LONGER-NXT/03 TS SC LUGGED STEP DRILL Dia13.5 X SL35 X DIA 19 X FL127 X OAL 217 X MT-2
,,,NNMU 200608 ZEN HK MC5020
,,,PS SC DRILL DIA 16.5 X FL80 X OAL110 T.C. DM                                        
,,,R - HNHX 1006 ANTN  W TT 6080
,,,R - HNHX 1006 ANTN ML TT6030
,,,R - KFPLU1/LONGER-NXT/03 TS SC LUGGED STEP DRILL Dia13.5 X SL35 X DIA 19 X FL127 X OAL 217 X MT-2
,,,R - NNMU 200608 ZEN HK MC5020
,,,R - PS SC DRILL DIA 16.5 X FL80 X OAL110 T.C. DM   
,,,R - Rekord A-GG/F TiALN-T4 1/2x13 UNC-2BX (LONGER SPM) 
,,,R - Rekord A-GG/F TiALN-T4 3/8 16 UNC-2BX (LONGER SPM) 
,,,R - SNEX 1204 W TT 6030
,,,R - SNGX 130608-CE AS10
,,,R - SNGX 1306C08 ZN-M TT 7515
,,,R - SPARE BFTX 03588
,,,R - SPARE CS5015060T
,,,R - SPARE SO 35080I
,,,R - SPARE SO 35124I
,,,R - SPARE TS 50C130 I
,,,R - SPARE-TS 40B100 I
,,,R - TAP 5/16X18 UNC
,,,R - TAP 7/16 14 UNC 2BX REK A GG /F (LONGER SPM)
,,,R - TCGT 090204 FL K10
,,,R - TCMT 16T308 K20K 0.000
,,,R - TYPE 2 A TICN 1/8-27 NPSF X (RAH)
,,,Rekord A-GG/F TiALN-T4 1/2x13 UNC-2BX (LONGER SPM) 
,,,Rekord A-GG/F TiALN-T4 3/8 16 UNC-2BX (LONGER SPM) 
,,,SNEX 1204 W TT 6030
,,,SNGX 130608-CE AS10
,,,SNGX 1306C08 ZN-M TT 7515
,,,SPARE BFTX 03588
,,,SPARE CS5015060T
,,,SPARE SO 35080I
,,,SPARE SO 35124I
,,,SPARE TS 50C130 I
,,,SPARE-TS 40B100 I
,,,TAP 5/16X18 UNC
,,,TAP 7/16 14 UNC 2BX REK A GG /F (LONGER SPM)
,,,TCGT 090204 FL K10
,,,TCMT 16T308 K20K 0.000
,,,TYPE 2 A TICN 1/8-27 NPSF X (RAH)
,NARROW REAR AXCLE HOUSING PY 10183 ,FULL-FINISH,CARTRIDGE-STFCR 12CA16
,,,HNCF 100610 KCK 15
,,,R - CARTRIDGE-STFCR 12CA16
,,,R - HNCF 100610 KCK 15
,,,R - SNGX 130608-M SG6800
,,,R - SNGX 1306C08 ZN-M TT 7515
,,,R - SPARE SCREW 214 80 687
,,,R - TCMT 110208 UE 6110
,,,R - TCMT 16T308 K20K 0.000
,,,R - WCMT 06T308 UE 6110
,,,SNGX 130608-M SG6800
,,,SNGX 1306C08 ZN-M TT 7515
,,,SPARE SCREW 214 80 687
,,,TCMT 110208 UE 6110
,,,TCMT 16T308 K20K 0.000
,,,WCMT 06T308 UE 6110
,PIVOT HOUSING BRACKET 288032403721,2nd OPERATION,CNMA 120412 UC 5115
,,,CNMG 120412 TM T515
,,,J/W TAP M10X1.5 HSS-E TIN-DC-MT T2002958 
,,,R - CNMA 120412 UC 5115
,,,R - CNMG 120412 TM T515
,,,R - SPARE DLS 4
,,,R - SPARE TS 50C130 I
,,,R - TAP M10X1.5
,,,R - TAPPING ATTACHMENT QA 1 10X8
,,,R - TAPPING CHUCK QCF 1 /TR. 20X2
,,,R - TNMA 160408 UC5115
,,,R - TNMA 160412 UC 5115
,,,R - TNMG 160412  MT TT1500
,,,R - TPKT 1605 PDTR-HE- TT9080
,,,R - TPKT 220550-6131 TT8020
,,,SPARE DLS 4
,,,SPARE TS 50C130 I
,,,TAP M10X1.5
,,,TAP M10X1.5 HSS-E TIN-DC-MT T2002958 
,,,TAPPING ATTACHMENT QA 1 10X8
,,,TAPPING CHUCK QCF 1 /TR. 20X2
,,,TNMA 160408 UC5115
,,,TNMA 160412 UC 5115
,,,TNMG 160412  MT TT1500
,,,TPKT 1605 PDTR-HE- TT9080
,,,TPKT 220550-6131 TT8020
,RAW CYLINDER CRANKCASE 2.2L 27890110371110,1st OPERATION,
,,,ADAPTOR BT 50 ER 25160
,,,APKT 1705 PER-EM TT-6030
,,,HNCF 100610 KCK 15
,,,J/W ADAPTOR BT 50 ER 25160
,,,KI ONMX060608-MM NC M535
,,,LNGX 130508 PNFN-W 260
,,,ONMU 080612 YG 5020
,,,PS SC BUR DRILL DIA 25X FL 15X OAL50
,,,PS SC DRILL DIA 5 X FL25 X OAL80 X SH DIA 6 T.C
,,,PS SC END MILL DIA 25 X FL110 X OAL 160
,,,R - APKT 1705 PER-EM TT-6030
,,,R - HNCF 100610 KCK 15
,,,R - KI ONMX060608-MM NC M535
,,,R - LNGX 130508 PNFN-W 260
,,,R - ONMU 080612 YG 5020
,,,R - PS SC BUR DRILL DIA 25X FL 15X OAL50
,,,R - PS SC DRILL DIA 5 X FL25 X OAL80 X SH DIA 6 T.C
,,,R - PS SC END MILL DIA 25 X FL110 X OAL 160
,,,R - REKORD A-GG TIALN-T4 M6X1-6HX
,,,R - SNGN 120412 BKU 203
,,,R - SNGN 120412 T00520 SL500
,,,R - SNGX 130608-M SG6800
,,,R - SNGX 1306C08 ZN-M TT 7515
,,,R - SPARE SCREW –YS -1020-M5 - ONMU INSERT 
,,,R - SPARE SO 35080I
,,,R - SPARE SO 35124I
,,,R - SPARE WEDGE SCREW 73386489
,,,R - SPARE-TS 40B100 I
,,,R - SPMG 090408-32000008
,,,R - SRF/SC-ST/ 122 PS SC STEP DRILL DIA 10.5 X SL29 X DIA 12.5 X OAL 105 X SH DIA 14 T.C
,,,R - TAP M12X1.5 C VPO-LW-SFT PM T1503376
,,,R - TAP M16X1.5 6HX VPO-LW-SFT T1503378
,,,R - TAP M6X1 VPO-LW-SFT T1702938
,,,R - TCMT 16T308 K20K 0.000
,,,R - TCMT 16T308-C25 NC6315
,,,R - TNKT 160608 PESR - MM PC 6510
,,,"R - TORQUE KEY TORX SET TPK01 TX15-3.0, 4BIT "
,,,REKORD A-GG TIALN-T4 M6X1-6HX (TCH)
,,,RESHARP SPMG 140512 DG TT 9030
,,,SNGN 120412 BKU 203
,,,SNGN 120412 T00520 SL500
,,,SNGX 130608-M SG6800
,,,SNGX 1306C08 ZN-M TT 7515
,,,SPARE SCREW –YS -1020-M5 - ONMU INSERT 
,,,SPARE SO 35080I
,,,SPARE SO 35124I
,,,SPARE WEDGE SCREW 73386489
,,,SPARE-TS 40B100 I
,,,SPMG 090408-32000008
,,,SPMG 140512 DG TT 9030
,,,SRF/SC-ST/ 122 PS SC STEP DRILL DIA 10.5 X SL29 X DIA 12.5 X OAL 105 X SH DIA 14 T.C
,,,TAP M12X1.5 C VPO-LW-SFT PM T1503376
,,,TAP M16X1.5 6HX VPO-LW-SFT T1503378
,,,TAP M6X1 VPO-LW-SFT T1702938
,,,TCMT 16T308 K20K 0.000
,,,TCMT 16T308-C25 NC6315
,,,TNKT 160608 PESR - MM PC 6510
,,,"TORQUE KEY TORX SET TPK01 TX15-3.0, 4BIT "
,REAR AXLE HOUSING SU57751,1st OPERATION,
,,,3NU TCGW 110304 BN7000
,,,3QP-TPGW 110308 BX480
,,,ADAPTOR BT 50 ER 32160 
,,,ADAPTOR BT 50 SMH/32-60/ SUFFIX RA
,,,ADAPTOR BT50 SMH/32-160
,,,Adj. Adaptor Dia.25 X MT1 
,,,CARTRIDGE STGCL 12 CA 16
,,,CCMT 120408 MT TT7310
,,,FA2-FASP21 - MBU MAKE MITSUBISHI
,,,FINISH BORING BAR TFBB 85.09 L232 BT50 (RAH TUNGALOY)
,,,FINISH BORING BAR TFBB 99.959 L211 BT50 (RAH TUNGALOY)
,,,HNCF 100610 KCK 15
,,,HNEC 0905ANSN WK25YM 
,,,HNGX 100512T01020 SL808
,,,HNHX 1006 ANTN ML TT6030
,,,HSS TS DRILL DIA 13.55 X FL 169 X OAL 250 X MT1 
,,,KFPLU1/RA40/01 PS SC STEP DRILL DIA 7 X SL8 X DIA 21 X 36 X 86 X SH20 (PROFILE DRILL)
,,,KFPLU1/RA40/02 PS SC STEP DRILL DIA 9 X SL30 X DIA 26 X 57 X 107 X Sh16 (PROFILE DRIL)
,,,KFPLU1/RA40/03 PS SC STEP DRILL DIA 16.5 X SL46.24 X DIA20.5 X 72 X 125 X SH20
,,,LC STEP REAMER DIA 14.110 X DIA18.5 X FL160 X OAL250 X SDMT-2
,,,MDS0960HX5 PS SC DRILL DIA 9.6 X 60FL X 105 OAL
,,,PS SC DRILL DIA 8.05 X FL 110 X OAL 150 X SH 10 TCH DM
,,,PS SC PROFILE DRILL DIA 9 X SL 37 X DIA 26 X FL 57 X OAL 107 X SH 20 (RAH)
,,,PS SC REAMER DIA 10.075X60X105X10 COATED
,,,PS SC STEP DRILL DIA 3.6 X SL 7 X DIA 8.5 X SL 18.9 X DIA 12 X OAL 85 X SH 12 ( RAH)
,,,PULL STUD BT 50 AMS (TCH) 
,,,R - 3NU TCGW 110304 BN7000
,,,R - 3QP-TPGW 110308 BX480
,,,R - ADAPTOR BT 50 ER 32160 
,,,R - ADAPTOR BT 50 SMH/32-60/ SUFFIX RA
,,,R - ADAPTOR BT50 SMH/32-160
,,,R - Adj. Adaptor Dia.25 X MT1
,,,R - CARTRIDGE STGCL 12 CA 16
,,,R - CCMT 120408 MT TT7310
,,,R - FA2-FASP21 - MBU MAKE MITSUBISHI
,,,R - FINISH BORING BAR TFBB 85.09 L232 BT50 (RAH TUNGALOY)
,,,R - FINISH BORING BAR TFBB 99.959 L211 BT50 (RAH TUNGALOY)
,,,R - HNCF 100610 KCK 15
,,,R - HNEC 0905ANSN WK25YM 
,,,R - HNGX 100512T01020 SL808
,,,R - HNHX 1006 ANTN ML TT6030
,,,R - HSS TS DRILL DIA 13.55 X FL 169 X OAL 250 X MT1 
,,,R - KFPLU1/RA40/01 PS SC STEP DRILL DIA 7 X SL8 X DIA 21 X 36 X 86 X SH20 (PROFILE DRILL)
,,,R - KFPLU1/RA40/02 PS SC STEP DRILL DIA 9 X SL30 X DIA 26 X 57 X 107 X Sh16 (PROFILE DRIL)
,,,R - KFPLU1/RA40/03 PS SC STEP DRILL DIA 16.5 X SL46.24 X DIA20.5 X 72 X 125 X SH20
,,,R - LC STEP REAMER DIA 14.110 X DIA18.5 X FL160 X OAL250 X SDMT-2 
,,,R - MDS0960HX5 PS SC DRILL DIA 9.6 X 60FL X 105 OAL
,,,R - PS SC DRILL DIA 8.05 X FL 110 X OAL 150 X SH 10 TCH DM
,,,R - PS SC PROFILE DRILL DIA 9 X SL 37 X DIA 26 X FL 57 X OAL 107 X SH 20 (RAH)
,,,R - PS SC REAMER DIA 10.075X60X105X10 COATED
,,,R - PS SC STEP DRILL DIA 3.6 X SL 7 X DIA 8.5 X SL 18.9 X DIA 12 X OAL 85 X SH 12 ( RAH)
,,,R - PULL STUD BT 50 AMS (TCH)
,,,R - ROUGH BORING BAR TRBB 68X82X93-M32 L98 (RAH TUNGALOY)
,,,R - ROUGH BORING BAR TRBB 71 X 84 X 87 X 99.4 L93 (RAH TUNGALOY)
,,,R - SEGW 13T3 AETR HM G10ES2
,,,R - SHR/A17 TS CT SPOT FACE CUTTER DIA 34.92X80X190XMT-3 -A
,,,R - SHRINK FIT ADAPTOR BT50/T0800 GPL 100 A
,,,R - SHRINK FIT ADAPTOR BT50/T1000 GPL 120 A
,,,R - SHRINK FIT ADAPTOR BT50/T1200 GPL 120
,,,R - SHRINK FIT ADAPTOR BT50/T1200 GPL 160
,,,R - SHRINK FIT ADAPTOR BT50/T1600 GPL 160
,,,R - SHRINK FIT ADAPTOR BT50/T2000 GPL 160 
,,,R - SNCN 1204 NT00520 SL854C
,,,R - SNGN 120412 T00520 SL500
,,,R - SNGX 1306C08 ZN-M TT 7515
,,,R - SNHX 120412 T125-S BKM620 
,,,R - SPARE SCREW 214 80 687
,,,R - SPARE SCREW 3770915035400
,,,R - SPARE SO 22050I
,,,R - SPARE SO 35080I
,,,R - SPARE SO 35124I
,,,R - SPARE-TS 40B100 I
,,,R - TAP 3/4-10 UNC 2BX REK 2A-H (FAS)
,,,R - TAP 3/4-10 UNC VPO-DC-HT PM T2310946
,,,R - TCMT 090204 FP4 WPP10G
,,,R - TCMT 110208 UE 6110
,,,R - TCMT 110308-CM T5115
,,,R - TCMT 16T308 K20K 0.000
,,,R - TCMT 16T308-C25 NC6315
,,,R - TCMT 220408 F K20K
,,,R - TNMA 130408 TT 6030B
,,,R - TNMA 160408 UC5115
,,,R - TNMA 160412 UC 5115
,,,R - TNMG 130408 MT TT 7310
,,,R - TYPE 2 A TICN 1/8-27 NPSF X (RAH)
,,,R - WCMT 06T308 UE 6110
,,,R - WCMX 06T308 YG602
,,,ROUGH BORING BAR TRBB 68X82X93-M32 L98 (RAH TUNGALOY)
,,,ROUGH BORING BAR TRBB 71 X 84 X 87 X 99.4 L93 (RAH TUNGALOY)
,,,SEGW 13T3 AETR HM G10ES2
,,,SHR/A17 TS CT SPOT FACE CUTTER DIA 34.92X80X190XMT-3 -A
,,,SHRINK FIT ADAPTOR BT50/T0800 GPL 100 A
,,,SHRINK FIT ADAPTOR BT50/T1000 GPL 120 A
,,,SHRINK FIT ADAPTOR BT50/T1200 GPL 120
,,,SHRINK FIT ADAPTOR BT50/T1200 GPL 160
,,,SHRINK FIT ADAPTOR BT50/T1600 GPL 160
,,,SHRINK FIT ADAPTOR BT50/T2000 GPL 160 
,,,SNCN 1204 NT00520 SL854C
,,,SNGN 120412 T00520 SL500
,,,SNGX 1306C08 ZN-M TT 7515
,,,SNHX 120412 T125-S BKM620
,,,SPARE SCREW 214 80 687
,,,SPARE SCREW 3770915035400
,,,SPARE SO 22050I
,,,SPARE SO 35080I
,,,SPARE SO 35124I
,,,SPARE-TS 40B100 I
,,,TAP 3/4-10 UNC 2BX REK 2A-H (FAS)
,,,TAP 3/4-10 UNC VPO-DC-HT PM T2310946
,,,TCMT 090204 FP4 WPP10G
,,,TCMT 110208 UE 6110
,,,TCMT 110308-CM T5115
,,,TCMT 16T308 K20K 0.000
,,,TCMT 16T308-C25 NC6315
,,,TCMT 220408 F K20K
,,,TNMA 130408 TT 6030B
,,,TNMA 160408 UC5115
,,,TNMA 160412 UC 5115
,,,TNMG 130408 MT TT 7310
,,,TYPE 2 A TICN 1/8-27 NPSF X (RAH)
,,,WCMT 06T308 UE 6110
,,,WCMX 06T308 YG602
,REAR AXLE HOUSING PY 0611,6th OPERATION,KFPLU1/RA40/02 PS SC STEP DRILL DIA 9 X SL30 X DIA 26 X 57 X 107 X Sh16 (PROFILE DRIL)
,,,R - KFPLU1/RA40/02 PS SC STEP DRILL DIA 9 X SL30 X DIA 26 X 57 X 107 X Sh16 (PROFILE DRIL)
,,FULL-FINISH,3QP-TPGW 110308 BX480
,,,PS SC DRILL DIA 9.6X60FLX110-OAL TC
,,,R - 3QP-TPGW 110308 BX480
,,,R - PS SC DRILL DIA 9.6X60FLX110-OAL TC
,,,R - SPARE SO 35124I
,,,R - TNMA 130408 TT 6030B
,,,R - TNMG 130408 MT TT 7310
,,,SPARE SO 35124I
,,,TNMA 130408 TT 6030B
,,,TNMG 130408 MT TT 7310
,SPRING CARRIER 4472.336.513,1st OPERATION,APKT 170530R-EM TT 9030
,,,BRAZED CHAMFER TOOL DIA 25 X 45° X 160 X SH 20
,,,MECH040-S32-17-4-2T
,,,PS SC BALLNOSE DIA 20 X FL65 X OAL 160 Z-4
,,,PS SC DRILL DIA 19.5 X FL40 X OAL 80 T.C
,,,PS SC DRILL DIA 19.5XFL60XOAL105 T.C
,,,PS SC DRILL DIA 20.5 X FL50 X OAL100 X SH20 X DM TCH
,,,R - APKT 170530R-EM TT 9030
,,,R - BRAZED CHAMFER TOOL DIA 25 X 45° X 160 X SH 20
,,,R - MECH040-S32-17-4-2T
,,,R - PS SC BALLNOSE DIA 20 X FL65 X OAL 160 Z-4
,,,R - PS SC DRILL DIA 19.5 X FL40 X OAL 80 T.C
,,,R - PS SC DRILL DIA 19.5XFL60XOAL105 T.C
,,,R - PS SC DRILL DIA 20.5 X FL50 X OAL100 X SH20 X DM TCH
,,,R - SNGN 120412 T00520 SL500
,,,R - SNGX 130608-M SG6800
,,,R - SNMX 1206QNN YG 5020
,,,R - SPARE SCREW 3770915035400
,,,R - SPARE-TS 40B100 I
,,,R - TAP M16X1.5 6HX VPO-LW-SFT T1503378
,,,R - TCMT 110204 MT TT 7310
,,,R - WNMU 080608EN-GH-PR1510
,,,SNGN 120412 T00520 SL500
,,,SNGX 130608-M SG6800
,,,SNMX 1206QNN YG 5020
,,,SPARE SCREW 3770915035400
,,,SPARE-TS 40B100 I
,,,TAP M16X1.5 6HX VPO-LW-SFT T1503378
,,,TCMT 110204 MT TT 7310
,,,WNMU 080608EN-GH-PR1510
,TRANSCASE CASTING C06511796B1,1st OPERATION,3NU TCGW 090204 BN 500
,,,CCMT 120408 THM
,,,J/W 3NU TCGW 090204 BN 500
,,,J/W MDHX1004ZDERGD4W - K110M
,,,M8065 1204MM-K WK15CM
,,,MDHX1004ZDERGD4W - K110M
,,,MDHX1004ZDFLGD4W - K110M
,,,NNMU 200608 ZEN HK MC5020
,,,PS SC DRILL DIA 16.5X60X110.T.C
,,,R  - M8065 1204MM-K WK15CM
,,,R - CCMT 120408 THM
,,,R - NNMU 200608 ZEN HK MC5020
,,,R - PS SC DRILL DIA 16.5X60X110.T.C
,,,R - Rekord A IKZN TICN 1/2-14 NPSF-X (H1CT)
,,,R - SCMT 120408 UC 5115
,,,R - SNGX 1306C08 ZN-M TT 7515
,,,R - SNGX 1506 ANTN-KR TT 6030
,,,R - SPARE CS5015060T
,,,R - SPARE SO 22050I
,,,R - SPARE SO 35080I
,,,R - SPARE SO 45100I
,,,R - TAP 1/2-13 UNC VPO-DC-HT PM T2310945
,,,R - TAP 1/2X14 NPSF REKORD A1
,,,R - TAP 3/8-16 UNC H5 VPO-DC-HT 1005300808
,,,R - TAP 5/16-18 UNC VPO-DC-HT PM T2310949
,,,R - TAP 5/8-11 UNC VPO-DC-HT PM T2310950
,,,R - TCMT 090204 FP4 WPP10G
,,,R - TCMT 16T312 PTN10U
,,,Rekord A IKZN TICN 1/2-14 NPSF-X (H1CT)
,,,SCMT 120408 UC 5115
,,,SNGX 1306C08 ZN-M TT 7515
,,,SNGX 1506 ANTN-KR TT 6030
,,,SPARE CS5015060T
,,,SPARE SO 22050I
,,,SPARE SO 35080I
,,,SPARE SO 45100I
,,,TAP 1/2-13 UNC VPO-DC-HT PM T2310945
,,,TAP 1/2X14 NPSF REKORD A1
,,,TAP 3/8-16 UNC H5 VPO-DC-HT 1005300808
,,,TAP 5/16-18 UNC VPO-DC-HT PM T2310949
,,,TAP 5/8-11 UNC VPO-DC-HT PM T2310950
,,,TCMT 090204 FP4 WPP10G
,,,TCMT 16T312 PTN10U
,Total,,
,Inspection Qty.,,
,Per  Job Cost,,
,Dispatch Qty.,,
,Per Job Cost.,,
